"RK","PLAYER NAME",TEAM,"FANTASYPTS","YDS","TDS","REC","YDS","TDS","ATT","YDS","TDS"
"1","Saquon Barkley",PHI,"338.8","0","0","33","278","2","345","2005","13"
"2","Ja'Marr Chase",CIN,"339.5","0","0","127","1708","17","3","32","0"
"3","Bijan Robinson",ATL,"311.2","0","0","61","431","1","304","1456","14"
"4","Jahmyr Gibbs",DET,"336.9","0","0","52","517","4","250","1412","16"
"5","Justin Jefferson",MIN,"266","0","0","103","1533","10","1","3","0"
"6","Derrick Henry",BAL,"326.9","0","0","19","193","2","325","1921","16"
"7","Amon-Ra St. Brown",DET,"258.7","0","0","115","1263","12","2","6","0"
"8","Puka Nacua",LAR,"167.1","0","0","79","990","3","11","46","1"
"9","Mike Evans",TB,"203.4","0","0","74","1004","11","0","0","0"
"10","A.J. Brown",PHI,"183.4","0","0","67","1079","7","0","0","0"
"11","Nico Collins",HOU,"176.6","0","0","68","1006","7","0","0","0"
"12","Jonathan Taylor",IND,"235.7","0","0","18","136","1","303","1431","11"
"13","Kyren Williams",LAR,"255.1","0","0","34","182","2","316","1299","14"
"14","Josh Jacobs",GB,"275.1","0","0","36","342","1","301","1329","15"
"15","CeeDee Lamb",DAL,"212.9","0","0","101","1194","6","14","70","0"
"16","De'Von Achane",MIA,"260.9","0","0","78","592","6","203","907","6"
"17","Tyreek Hill",MIA,"177.7","0","0","81","959","6","8","53","0"
"18","James Conner",ARI,"230.3","0","0","47","414","1","236","1094","8"
"19","James Cook",BUF,"250.7","0","0","32","258","2","207","1009","16"
"20","Tee Higgins",CIN,"185.6","0","0","73","911","10","0","0","0"
"21","Chase Brown",CIN,"228","0","0","54","360","4","229","990","7"
"22","Joe Mixon",HOU,"222.5","0","0","36","309","1","245","1016","11"
"23","Drake London",ATL,"230.8","0","0","100","1271","9","1","-3","0"
"24","Terry McLaurin",WAS,"226.8","0","0","82","1096","13","2","2","0"
"25","Trey McBride",ARI,"194.3","0","0","111","1146","2","1","2","1"
"26","Aaron Jones Sr.",MIN,"216.1","0","0","51","408","2","255","1138","5"
"27","Davante Adams",LAR,"198.8","0","0","85","1063","8","0","0","0"
"28","Josh Allen",BUF,"385","3731","28","0","0","0","102","531","12"
"29","Lamar Jackson",BAL,"434.4","4172","41","0","0","0","139","915","4"
"30","Garrett Wilson",NYJ,"201.4","0","0","101","1104","7","2","5","0"
"31","Courtland Sutton",DEN,"199.8","0","0","81","1081","8","0","0","0"
"32","Breece Hall",NYJ,"212.4","0","0","57","483","3","209","876","5"
"33","George Kittle",SF,"197.6","0","0","78","1106","8","0","0","0"
"34","Brock Bowers",LV,"206.7","0","0","112","1194","5","5","13","0"
"35","Brian Robinson Jr.",WAS,"149.8","0","0","20","159","0","187","799","8"
"36","Chuba Hubbard",CAR,"220.1","0","0","43","171","1","250","1195","10"
"37","Rachaad White",TB,"174.1","0","0","51","393","6","144","613","3"
"38","Cooper Kupp",SEA,"141.5","0","0","67","710","6","2","10","0"
"39","Zay Flowers",BAL,"172.5","0","0","74","1059","4","9","56","0"
"40","Joe Burrow",CIN,"381.8","4918","43","0","0","0","42","201","2"
"41","Brian Thomas Jr.",JAC,"240.5","0","0","87","1282","10","6","48","0"
"42","Ladd McConkey",LAC,"199.9","0","0","82","1149","7","0","0","0"
"43","Jaxon Smith-Njigba",SEA,"203","0","0","100","1130","6","5","26","0"
"44","Malik Nabers",NYG,"219.1","0","0","109","1204","7","5","2","0"
"45","Jalen Hurts",PHI,"320.1","2903","18","0","0","0","150","630","14"
"46","Rhamondre Stevenson",NE,"159.4","0","0","33","168","1","207","801","7"
"47","DJ Moore",CHI,"189.1","0","0","98","966","6","14","75","0"
"48","Tony Pollard",TEN,"180.2","0","0","41","238","0","260","1079","5"
"49","Bucky Irving",TB,"220.9","0","0","47","392","0","207","1122","8"
"50","Jerome Ford",CLE,"115.5","0","0","37","225","0","104","565","3"
"51","Marvin Harrison Jr.",ARI,"165.5","0","0","62","885","8","0","0","0"
"52","Rico Dowdle",CAR,"178.3","0","0","39","249","3","235","1079","2"
"53","George Pickens",DAL,"134.9","0","0","59","900","3","2","-6","0"
"54","Jordan Addison",MIN,"181","0","0","63","875","9","3","20","1"
"55","Jayden Daniels",WAS,"364.8","3568","25","0","0","0","148","891","6"
"56","Isiah Pacheco",KC,"50.9","0","0","12","79","0","83","310","1"
"57","Sam LaPorta",DET,"144.6","0","0","60","726","7","0","0","0"
"58","Travis Kelce",KC,"146.9","0","0","97","823","3","1","1","0"
"59","DeVonta Smith",PHI,"165.4","0","0","68","833","8","1","1","0"
"60","DK Metcalf",PIT,"158.2","0","0","66","992","5","0","0","0"
"61","Mark Andrews",BAL,"161.3","0","0","55","673","11","4","5","0"
"62","D'Andre Swift",CHI,"193.5","0","0","42","386","0","253","959","6"
"63","Khalil Shakir",BUF,"144.5","0","0","76","821","4","2","4","0"
"64","Travis Etienne Jr.",JAC,"110.7","0","0","39","254","0","150","558","2"
"65","Calvin Ridley",TEN,"167.2","0","0","64","1017","4","8","55","1"
"66","Zach Charbonnet",SEA,"165.9","0","0","42","340","1","135","569","8"
"67","Jameson Williams",DET,"183.2","0","0","58","1001","7","11","61","1"
"68","Jayden Reed",GB,"169.5","0","0","55","857","6","20","163","1"
"69","Baker Mayfield",TB,"381.8","4500","41","0","0","0","60","378","3"
"70","Keenan Allen",LAC,"150.4","0","0","70","744","7","0","0","0"
"71","Brock Purdy",SF,"278.9","3864","20","0","0","0","66","323","5"
"72","Jerry Jeudy",CLE,"195.9","0","0","90","1229","4","0","0","0"
"73","Kyler Murray",ARI,"308.2","3851","21","0","0","0","78","572","5"
"74","Najee Harris",LAC,"186.6","0","0","36","283","0","263","1043","6"
"75","T.J. Hockenson",MIN,"66","0","0","41","455","0","0","0","0"
"76","Kenneth Walker III",SEA,"158.2","0","0","46","299","1","153","573","7"
"77","Deebo Samuel Sr.",WAS,"128.1","0","0","51","670","3","42","136","1"
"78","Jakobi Meyers",LV,"174.5","0","0","87","1027","4","2","23","0"
"79","Jordan Love",GB,"244.9","3389","25","0","0","0","25","83","1"
"80","Jaylen Warren",PIT,"105.1","0","0","38","310","0","120","511","1"
"81","DeAndre Hopkins",BAL,"119","0","0","56","610","5","0","0","0"
"82","Isaac Guerendo",SF,"86.7","0","0","15","152","0","84","420","4"
"83","Jared Goff",DET,"336","4629","37","0","0","0","35","56","0"
"84","Michael Pittman Jr.",IND,"131.3","0","0","69","808","3","0","0","0"
"85","Javonte Williams",DAL,"131.9","0","0","52","346","0","139","513","4"
"86","Darnell Mooney",ATL,"161.2","0","0","64","992","5","0","0","0"
"87","Anthony Richardson Sr.",IND,"174.9","1814","8","0","0","0","86","499","6"
"88","Tua Tagovailoa",MIA,"188.6","2867","19","0","0","0","17","49","0"
"89","Tyjae Spears",TEN,"98.6","0","0","30","224","1","84","312","4"
"90","Jaylen Waddle",MIA,"120.6","0","0","58","744","2","4","12","0"
"91","Adam Thielen",CAR,"115.5","0","0","48","615","5","0","0","0"
"92","Jauan Jennings",SF,"172","0","0","77","975","6","0","0","0"
"93","David Njoku",CLE,"116.5","0","0","64","505","5","0","0","0"
"94","Amari Cooper",FA,"100.7","0","0","44","547","4","0","0","0"
"95","Rome Odunze",CHI,"117.9","0","0","54","734","3","3","15","0"
"96","Christian Watson",GB,"90.8","0","0","29","620","2","4","23","0"
"97","Sam Darnold",SEA,"320","4319","35","0","0","0","67","212","1"
"98","Josh Downs",IND,"147.5","0","0","72","803","5","1","12","0"
"99","Patrick Mahomes II",KC,"293.5","3928","26","0","0","0","58","307","2"
"100","Kendre Miller",NO,"26.6","0","0","5","33","0","39","148","1"
"101","Matthew Stafford",LAR,"222.6","3762","20","0","0","0","30","41","0"
"102","Pat Freiermuth",PIT,"135.8","0","0","65","653","7","0","0","0"
"103","Justin Herbert",LAC,"288.4","3870","23","0","0","0","69","306","2"
"104","Jonnu Smith",PIT,"178.3","0","0","88","884","8","2","-1","0"
"105","Xavier Worthy",KC,"157.7","0","0","59","638","6","20","104","3"
"106","Tank Bigsby",JAC,"125.5","0","0","7","54","0","168","766","7"
"107","Tyrone Tracy Jr.",NYG,"163.3","0","0","38","284","1","192","839","5"
"108","Hunter Henry",NE,"112.4","0","0","66","674","2","0","0","0"
"109","Romeo Doubs",GB,"109.1","0","0","46","601","4","0","0","0"
"110","C.J. Stroud",HOU,"232.4","3727","20","0","0","0","52","233","0"
"111","Tucker Kraft",GB,"138.3","0","0","50","707","7","3","6","0"
"112","Dalton Kincaid",BUF,"78.8","0","0","44","448","2","0","0","0"
"113","Tyler Allgeier",ATL,"99.7","0","0","13","88","0","137","644","3"
"114","Bo Nix",DEN,"328.7","3775","29","0","0","0","92","430","4"
"115","Rashod Bateman",BAL,"152.1","0","0","45","756","9","0","0","0"
"116","Gus Edwards",FA,"62.6","0","0","3","6","0","101","365","4"
"117","Dalton Schultz",HOU,"91.7","0","0","53","532","2","0","0","0"
"118","Jake Ferguson",DAL,"74.9","0","0","59","494","0","0","0","0"
"119","Cade Otton",TB,"111.1","0","0","59","600","4","1","-4","0"
"120","Aaron Rodgers",PIT,"267.6","3897","28","0","0","0","22","107","0"
"121","Alexander Mattison",MIA,"119.4","0","0","36","294","1","132","420","4"
"122","Keon Coleman",BUF,"97","0","0","29","556","4","1","9","0"
"123","Raheem Mostert",LV,"61.4","0","0","19","161","0","85","278","2"
"124","Blake Corum",LAR,"30","0","0","7","58","0","58","207","0"
"125","Elijah Moore",BUF,"90.4","0","0","61","538","1","1","1","0"
"126","Alvin Kamara",NO,"231.3","0","0","68","543","2","228","950","6"
"127","Caleb Williams",CHI,"260.5","3541","20","0","0","0","81","489","0"
"128","Audric Estime",DEN,"46.2","0","0","5","27","0","76","310","2"
"129","Kimani Vidal",LAC,"30.2","0","0","5","62","1","43","155","0"
"130","Ray Davis",BUF,"107.6","0","0","17","189","3","113","442","3"
"131","Kyle Pitts Sr.",ATL,"107.7","0","0","47","602","4","0","0","0"
"132","Jalen McMillan",TB,"116.9","0","0","37","461","8","4","43","0"
"133","Zach Ertz",WAS,"144.4","0","0","66","654","7","0","0","0"
"134","Antonio Gibson",NE,"91.9","0","0","23","206","0","120","538","1"
"135","DeMario Douglas",NE,"114.7","0","0","66","621","3","3","16","0"
"136","Quentin Johnston",LAC,"147.2","0","0","55","711","8","3","6","0"
"137","Joshua Palmer",BUF,"87.9","0","0","39","584","1","0","0","0"
"138","Devin Singletary",NYG,"86.1","0","0","21","119","0","113","437","4"
"139","Kareem Hunt",KC,"143.9","0","0","23","176","0","200","728","7"
"140","Cedric Tillman",CLE,"65.9","0","0","29","339","3","1","-5","0"
"141","Russell Wilson",NYG,"177.8","2482","16","0","0","0","43","155","2"
"142","Drake Maye",NE,"187.1","2276","15","0","0","0","54","421","2"
"143","Brenton Strange",JAC,"71.1","0","0","40","411","2","0","0","0"
"144","Trey Benson",ARI,"44","0","0","6","59","0","63","291","1"
"145","Cole Kmet",CHI,"96.9","0","0","47","474","4","0","0","0"
"146","Juwan Johnson",NO,"97.8","0","0","50","548","3","0","0","0"
"147","Buffalo Bills",BUF,"133","0","0","0","0","0","0","0","0"
"148","Brandon Aubrey",DAL,"192","0","0","0","0","0","0","0","0"
"149","Philadelphia Eagles",PHI,"135","0","0","0","0","0","0","0","0"
"150","Geno Smith",LV,"281","4320","21","0","0","0","53","272","2"
"151","Ka'imi Fairbairn",HOU,"172","0","0","0","0","0","0","0","0"
"152","Patrick Taylor Jr.",SF,"28.3","0","0","3","25","0","39","183","1"
"153","Jalen Coker",CAR,"76.6","0","0","32","478","2","0","0","0"
"154","Chig Okonkwo",TEN,"87.6","0","0","52","479","2","1","17","0"
"155","Brandin Cooks",NO,"56.6","0","0","26","259","3","3","-3","0"
"156","Bryce Young",CAR,"204","2403","15","0","0","0","43","249","6"
"157","Khalil Herbert",IND,"26.5","0","0","10","25","0","36","130","1"
"158","Braelon Allen",NYJ,"75.7","0","0","19","148","1","92","334","2"
"159","Pittsburgh Steelers",PIT,"146","0","0","0","0","0","0","0","0"
"160","Isaiah Davis",NYJ,"41.4","0","0","9","75","1","30","174","1"
"161","Baltimore Ravens",BAL,"120","0","0","0","0","0","0","0","0"
"162","Detroit Lions",DET,"123","0","0","0","0","0","0","0","0"
"163","Cam Akers",NO,"86.2","0","0","14","68","3","104","444","2"
"164","Kansas City Chiefs",KC,"106","0","0","0","0","0","0","0","0"
"165","Kenneth Gainwell",PIT,"54.6","0","0","16","116","0","75","290","1"
"166","Justice Hill",BAL,"106.1","0","0","42","383","3","47","228","1"
"167","Minnesota Vikings",MIN,"162","0","0","0","0","0","0","0","0"
"168","Michael Wilson",ARI,"101","0","0","47","548","4","1","7","0"
"169","Houston Texans",HOU,"139","0","0","0","0","0","0","0","0"
"170","J.K. Dobbins",DEN,"175.8","0","0","32","153","0","195","905","9"
"171","Wan'Dale Robinson",NYG,"136.2","0","0","93","699","3","3","18","0"
"172","Ameer Abdullah",SF,"105.2","0","0","40","261","3","66","311","2"
"173","New York Jets",NYJ,"95","0","0","0","0","0","0","0","0"
"174","Roschon Johnson",CHI,"69.4","0","0","16","104","0","55","150","6"
"175","Denver Broncos",DEN,"179","0","0","0","0","0","0","0","0"
"176","San Francisco 49ers",SF,"84","0","0","0","0","0","0","0","0"
"177","Jaylen Wright",MIA,"25.2","0","0","3","8","0","68","249","0"
"178","Green Bay Packers",GB,"148","0","0","0","0","0","0","0","0"
"179","Jaleel McLaughlin",DEN,"85.2","0","0","24","76","2","113","496","1"
"180","Indianapolis Colts",IND,"91","0","0","0","0","0","0","0","0"
"181","Justin Tucker",FA,"143","0","0","0","0","0","0","0","0"
"182","Jeremy McNichols",WAS,"59.3","0","0","9","27","0","55","261","4"
"183","Cooper Rush",BAL,"114.6","1844","12","0","0","0","26","18","0"
"184","Isaiah Likely",BAL,"102.7","0","0","42","477","6","0","0","0"
"185","Devaughn Vele",DEN,"86","0","0","41","475","3","0","0","0"
"186","Jake Moody",SF,"118","0","0","0","0","0","0","0","0"
"187","Chris Boswell",PIT,"191","0","0","0","0","0","0","0","0"
"188","Mike Gesicki",CIN,"109","0","0","65","665","2","0","0","0"
"189","Adonai Mitchell",IND,"42.3","0","0","23","312","0","4","6","0"
"190","Ray-Ray McCloud III",ATL,"109.5","0","0","62","686","1","10","79","0"
"191","Chris Olave",NO,"60.7","0","0","32","400","1","1","7","0"
"192","Los Angeles Chargers",LAC,"128","0","0","0","0","0","0","0","0"
"193","Cameron Dicker",LAC,"179","0","0","0","0","0","0","0","0"
"194","Tyler Lockett",TEN,"96.5","0","0","49","600","2","0","0","0"
"195","Jason Sanders",MIA,"166","0","0","0","0","0","0","0","0"
"196","Calvin Austin III",PIT,"100.8","0","0","36","548","4","0","0","0"
"197","Younghoe Koo",ATL,"120","0","0","0","0","0","0","0","0"
"198","Tyler Bass",BUF,"146","0","0","0","0","0","0","0","0"
"199","Jake Bates",DET,"161","0","0","0","0","0","0","0","0"
"200","Cleveland Browns",CLE,"81","0","0","0","0","0","0","0","0"
"201","Tyler Conklin",LAC,"96.4","0","0","51","449","4","1","0","0"
"202","Kirk Cousins",ATL,"192.3","3508","18","0","0","0","23","0","0"
"203","Dontayvion Wicks",GB,"91","0","0","39","415","5","0","0","0"
"204","Mike Williams",FA,"46.3","0","0","21","298","1","0","0","0"
"205","Ty Johnson",BUF,"82.7","0","0","18","284","3","41","213","1"
"206","Tampa Bay Buccaneers",TB,"104","0","0","0","0","0","0","0","0"
"207","Cincinnati Bengals",CIN,"104","0","0","0","0","0","0","0","0"
"208","Jake Elliott",PHI,"141","0","0","0","0","0","0","0","0"
"209","Ricky Pearsall",SF,"78","0","0","31","400","3","3","45","0"
"210","Tim Patrick",DET,"75.9","0","0","33","394","3","0","0","0"
"211","Diontae Johnson",CLE,"72.6","0","0","33","375","3","2","6","0"
"212","Chicago Bears",CHI,"121","0","0","0","0","0","0","0","0"
"213","Demarcus Robinson",SF,"108","0","0","31","505","7","0","0","0"
"214","New Orleans Saints",NO,"98","0","0","0","0","0","0","0","0"
"215","Aidan O'Connell",LV,"97.5","1612","8","0","0","0","21","30","1"
"216","Malik Washington",MIA,"41.8","0","0","26","223","0","5","25","1"
"217","Stone Smartt",NYJ,"26.8","0","0","16","208","0","0","0","0"
"218","Mac Jones",SF,"104.1","1672","8","0","0","0","28","92","1"
"219","Nick Westbrook-Ikhine",MIA,"119.7","0","0","32","497","9","0","0","0"
"220","Sterling Shepard",TB,"64.3","0","0","32","334","1","8","69","0"
"221","Grant Calcaterra",PHI,"47.8","0","0","24","298","1","0","0","0"
"222","Dallas Cowboys",DAL,"111","0","0","0","0","0","0","0","0"
"223","Noah Gray",KC,"93.3","0","0","40","437","5","1","-4","0"
"224","Dameon Pierce",HOU,"42.5","0","0","2","2","0","40","293","2"
"225","Wil Lutz",DEN,"160","0","0","0","0","0","0","0","0"
"226","Miami Dolphins",MIA,"84","0","0","0","0","0","0","0","0"
"227","Harrison Butker",KC,"100","0","0","0","0","0","0","0","0"
"228","Arizona Cardinals",ARI,"101","0","0","0","0","0","0","0","0"
"229","Seattle Seahawks",SEA,"136","0","0","0","0","0","0","0","0"
"230","Jacksonville Jaguars",JAC,"71","0","0","0","0","0","0","0","0"
"231","Atlanta Falcons",ATL,"97","0","0","0","0","0","0","0","0"
"232","Alec Pierce",IND,"142.9","0","0","37","824","7","0","0","0"
"233","Marvin Mims Jr.",DEN,"110","0","0","39","503","6","13","42","0"
"234","Matt Gay",WAS,"139","0","0","0","0","0","0","0","0"
"235","Xavier Legette",CAR,"100.6","0","0","49","497","4","6","24","0"
"236","Ezekiel Elliott",FA,"51.5","0","0","12","69","0","74","226","3"
"237","Will Dissly",LAC,"85.1","0","0","50","481","2","0","0","0"
"238","Jason Myers",SEA,"140","0","0","0","0","0","0","0","0"
"239","Marquez Valdes-Scantling",SEA,"75","0","0","19","411","4","1","4","0"
"240","Washington Commanders",WAS,"90","0","0","0","0","0","0","0","0"
"241","Marquise Brown",KC,"13.6","0","0","9","91","0","0","0","0"
"242","Michael Penix Jr.",ATL,"47.1","775","3","0","0","0","7","11","1"
"243","Sean Tucker",TB,"64.2","0","0","9","109","1","50","308","2"
"244","DeeJay Dallas",ARI,"19.5","0","0","3","11","1","9","49","0"
"245","Noah Fant",CIN,"80","0","0","48","500","1","0","0","0"
"246","Jameis Winston",NYG,"143.1","2121","13","0","0","0","25","83","1"
"247","Daniel Carlson",LV,"145","0","0","0","0","0","0","0","0"
"248","Las Vegas Raiders",LV,"71","0","0","0","0","0","0","0","0"
"249","Will Levis",TEN,"131.9","2091","13","0","0","0","45","183","0"
"250","Chase McLaughlin",TB,"164","0","0","0","0","0","0","0","0"
"251","Parker Washington",JAC,"81","0","0","32","390","3","0","0","0"
"252","Andrei Iosivas",CIN,"101.9","0","0","36","479","6","0","0","0"
"253","Jamaal Williams",FA,"32.6","0","0","9","57","0","48","164","1"
"254","Curtis Samuel",BUF,"48.2","0","0","31","253","1","5","14","0"
"255","Darius Slayton",NYG,"90.5","0","0","39","573","2","2","17","0"
"256","Blake Grupe",NO,"131","0","0","0","0","0","0","0","0"
"257","Tre Tucker",LV,"105.8","0","0","47","539","3","9","44","1"
"258","Ja'Tavion Sanders",CAR,"56.7","0","0","33","342","1","0","0","0"
"259","Emanuel Wilson",GB,"90.5","0","0","11","48","1","103","502","4"
"260","D'Onta Foreman",FA,"29.6","0","0","6","54","0","71","232","0"
"261","Dallas Goedert",PHI,"82.6","0","0","42","496","2","0","0","0"
"262","Samaje Perine",CIN,"67.4","0","0","28","322","1","20","92","1"
"263","Chris Brooks",GB,"36.7","0","0","11","69","0","36","183","1"
"264","Jalen Tolbert",DAL,"127.5","0","0","49","610","7","0","0","0"
"265","Will Reichard",MIN,"131","0","0","0","0","0","0","0","0"
"266","Tennessee Titans",TEN,"72","0","0","0","0","0","0","0","0"
"267","Keaton Mitchell",BAL,"6.3","0","0","1","28","0","15","30","0"
"268","Troy Franklin",DEN,"53.1","0","0","28","263","2","2","8","0"
"269","Joshua Karty",LAR,"135","0","0","0","0","0","0","0","0"
"270","Ty Chandler",MIN,"25.4","0","0","6","42","0","56","182","0"
"271","Austin Ekeler",WAS,"114.8","0","0","35","366","0","77","367","4"
"272","Van Jefferson",TEN,"51.6","0","0","24","276","2","0","0","0"
"273","Pierre Strong Jr.",CLE,"28.2","0","0","14","104","0","26","108","0"
"274","Craig Reynolds",DET,"19.4","0","0","3","40","0","31","139","0"
"275","Evan McPherson",CIN,"94","0","0","0","0","0","0","0","0"
"276","Los Angeles Rams",LAR,"118","0","0","0","0","0","0","0","0"
"277","Dustin Hopkins",CLE,"84","0","0","0","0","0","0","0","0"
"278","Nick Folk",NYJ,"108","0","0","0","0","0","0","0","0"
"279","Cairo Santos",CHI,"109","0","0","0","0","0","0","0","0"
"280","Dare Ogunbowale",HOU,"46.5","0","0","19","198","1","30","112","0"
"281","Chad Ryland",ARI,"125","0","0","0","0","0","0","0","0"
"282","Trey Sermon",PIT,"45.8","0","0","16","99","0","56","159","2"
"283","Tyler Boyd",FA,"58.8","0","0","39","390","0","1","3","0"
"284","KaVontae Turpin",DAL,"88.7","0","0","31","420","2","16","92","0"
"285","Tutu Atwell",LAR,"77.9","0","0","42","562","0","2","7","0"
"286","Ja'Lynn Polk",NE,"26.7","0","0","12","87","2","1","0","0"
"287","Mason Rudolph",PIT,"104.8","1530","9","0","0","0","25","106","1"
"288","Mack Hollins",NE,"83.3","0","0","31","378","5","0","0","0"
"289","Luke McCaffrey",WAS,"25.8","0","0","18","168","0","0","0","0"
"290","Drew Lock",SEA,"85.1","1071","6","0","0","0","18","133","2"
"291","MarShawn Lloyd",GB,"2.3","0","0","1","3","0","6","15","0"
"292","Brandon McManus",GB,"99","0","0","0","0","0","0","0","0"
"293","Derek Carr",FA,"155.9","2145","15","0","0","0","17","71","1"
"294","David Montgomery",DET,"203.7","0","0","36","341","0","185","775","12"
"295","Jermaine Burton",CIN,"12.7","0","0","4","107","0","0","0","0"
"296","New York Giants",NYG,"91","0","0","0","0","0","0","0","0"
"297","Jordan Whittington",LAR,"41.5","0","0","22","293","0","2","12","0"
"298","Chris Rodriguez Jr.",WAS,"31","0","0","1","12","0","35","173","2"
"299","Dawson Knox",BUF,"48.1","0","0","22","311","1","0","0","0"
"300","JuJu Smith-Schuster",KC,"44.1","0","0","18","231","2","0","0","0"
"301","Greg Zuerlein",FA,"41","0","0","0","0","0","0","0","0"
"302","Trey Palmer",TB,"29.2","0","0","12","172","1","0","0","0"
"303","Austin Hooper",NE,"86.1","0","0","45","476","3","0","0","0"
"304","David Moore",CAR,"69.1","0","0","32","351","3","1","0","0"
"305","Dyami Brown",JAC,"52.4","0","0","30","308","1","3","26","0"
"306","Ben Sinnott",WAS,"11.3","0","0","5","28","1","0","0","0"
"307","Jonathan Mingo",DAL,"23.7","0","0","17","167","0","2","5","0"
"308","Matt Prater",FA,"33","0","0","0","0","0","0","0","0"
"309","Jordan Akins",FA,"71","0","0","40","390","2","0","0","0"
"310","Travis Homer",CHI,"4.9","0","0","3","11","0","6","23","0"
"311","Eddy Pineiro",FA,"107","0","0","0","0","0","0","0","0"
"312","Daniel Jones",IND,"142.3","2070","8","0","0","0","67","265","2"
"313","New England Patriots",NE,"63","0","0","0","0","0","0","0","0"
"314","Josh Reynolds",NYJ,"31.9","0","0","13","194","1","0","0","0"
"315","Kendrick Bourne",NE,"51.1","0","0","28","305","1","1","6","0"
"316","Carolina Panthers",CAR,"41","0","0","0","0","0","0","0","0"
"317","John Metchie III",HOU,"43.4","0","0","24","254","1","0","0","0"
"318","Cade York",FA,"46","0","0","0","0","0","0","0","0"
"319","Kayshon Boutte",NE,"100.4","0","0","43","589","3","0","0","0"
"320","Luke Musgrave",GB,"8","0","0","7","45","0","0","0","0"
"321","Austin Seibert",FA,"115","0","0","0","0","0","0","0","0"
"322","Michael Mayer",LV,"26.1","0","0","21","156","0","0","0","0"
"323","Jordan Mason",MIN,"109.5","0","0","11","91","0","153","789","3"
"324","Tyler Higbee",LAR,"22.6","0","0","8","66","2","0","0","0"
"325","Michael Carter",ARI,"30.3","0","0","11","57","0","35","131","1"
"326","Matthew Wright",CAR,"56","0","0","0","0","0","0","0","0"
"327","Jahan Dotson",PHI,"32.4","0","0","19","216","0","1","13","0"
"328","Greg Joseph",FA,"66","0","0","0","0","0","0","0","0"
"329","D'Ernest Johnson",BAL,"29.9","0","0","12","96","0","32","143","0"
"330","Bo Melton",GB,"18.5","0","0","8","91","0","8","54","0"
"331","Hassan Haskins",LAC,"31.3","0","0","3","49","1","34","89","2"
"332","Clyde Edwards-Helaire",NO,"8.5","0","0","3","24","0","13","46","0"
"333","Foster Moreau",NO,"87.3","0","0","32","413","5","0","0","0"
"334","Jalen Nailor",MIN,"89","0","0","28","414","6","3","-4","0"
"335","Olamide Zaccheaus",CHI,"89.9","0","0","45","506","3","1","8","0"
"336","Cam Little",JAC,"126","0","0","0","0","0","0","0","0"
"337","Justin Fields",NYJ,"120.1","1106","5","0","0","0","62","289","5"
"338","Cordarrelle Patterson",FA,"31.5","0","0","12","80","1","32","135","0"
"339","Eric Gray",NYG,"12.3","0","0","10","82","0","14","31","0"
"340","Javon Baker",NE,"1.7","0","0","1","12","0","0","0","0"
"341","Anders Carlson",FA,"62","0","0","0","0","0","0","0","0"
"342","Miles Sanders",DAL,"65.3","0","0","24","148","1","55","205","2"
"343","Davis Allen",LAR,"6.9","0","0","6","39","0","0","0","0"
"344","Roman Wilson",PIT,"0","0","0","0","0","0","0","0","0"
"345","Dylan Laube",LV,"-2","0","0","0","0","0","1","0","0"
"346","Tyler Goodson",IND,"38.9","0","0","11","61","1","32","153","1"
"347","Greg Dortch",ARI,"71.8","0","0","37","342","3","5","31","0"
"348","Jalin Hyatt",NYG,"10.2","0","0","8","62","0","0","0","0"
"349","Malachi Corley",NYJ,"3.7","0","0","3","16","0","2","26","0"
"350","Hayden Hurst",FA,"11.3","0","0","8","73","0","0","0","0"
"351","Odell Beckham Jr.",FA,"10","0","0","9","55","0","0","0","0"
"352","Colby Parkinson",LAR,"50.4","0","0","30","294","1","0","0","0"
"353","Zay Jones",ARI,"12.4","0","0","8","84","0","0","0","0"
"354","A.T. Perry",DEN,"0","0","0","0","0","0","0","0","0"
"355","Adam Trautman",DEN,"37.3","0","0","13","188","2","0","0","0"
"356","Will Shipley",PHI,"13.7","0","0","4","35","0","30","82","0"
"357","Israel Abanikanda",GB,"0","0","0","0","0","0","0","0","0"
"358","Joey Slye",TEN,"120","0","0","0","0","0","0","0","0"
"359","Deuce Vaughn",DAL,"10.3","0","0","3","18","0","17","70","0"
"360","Justin Watson",HOU,"51.9","0","0","22","289","2","0","0","0"
"361","Spencer Rattler",NO,"72.3","1317","4","0","0","0","18","146","0"
"362","Evan Hull",PIT,"0","0","0","0","0","0","0","0","0"
"363","JaMycal Hasty",NE,"23.8","0","0","10","59","1","20","69","0"
"364","DJ Chark Jr.",ATL,"11.1","0","0","4","31","1","0","0","0"
"365","Rakim Jarrett",TB,"16.9","0","0","9","124","0","0","0","0"
"366","Luke Schoonmaker",DAL,"43.6","0","0","27","241","1","0","0","0"
"367","Gerald Everett",FA,"7.6","0","0","8","36","0","0","0","0"
"368","Xavier Hutchinson",HOU,"17.7","0","0","12","117","0","0","0","0"
"369","Graham Gano",NYG,"50","0","0","0","0","0","0","0","0"
"370","K.J. Osborn",WAS,"15.2","0","0","7","57","1","0","0","0"
"371","Lucas Krull",DEN,"24.7","0","0","19","152","0","0","0","0"
"372","Tommy Tremble",CAR,"44.9","0","0","23","234","2","0","0","0"
"373","Greg Dulcich",NYG,"5.3","0","0","5","28","0","0","0","0"
"374","Jeff Wilson Jr.",SF,"9.1","0","0","3","19","0","16","57","0"
"375","Jacob Cowing",SF,"8.7","0","0","4","80","0","1","7","0"
"376","Devontez Walker",BAL,"8.6","0","0","1","21","1","0","0","0"
"377","Cade Stover",HOU,"26.8","0","0","15","133","1","0","0","0"
"378","Kalif Raymond",DET,"48","0","0","17","215","2","2","0","0"
"379","Carson Steele",KC,"20.4","0","0","7","26","0","56","183","0"
"380","Daniel Bellinger",NYG,"19.5","0","0","14","125","0","0","0","0"
"381","Brock Wright",DET,"28.5","0","0","13","100","2","0","0","0"
"382","Brenden Rice",LAC,"0","0","0","0","0","0","0","0","0"
"383","Allen Lazard",NYJ,"107.5","0","0","37","530","6","0","0","0"
"384","Robert Woods",PIT,"28.3","0","0","20","203","0","0","0","0"
"385","Charlie Kolar",BAL,"23.8","0","0","9","131","1","1","2","0"
"386","Tyler Scott",CHI,"1","0","0","1","5","0","0","0","0"
"387","Jake Haener",NO,"14.2","226","1","0","0","0","11","22","0"
"388","Darnell Washington",PIT,"35.5","0","0","19","200","1","0","0","0"
"389","Dorian Thompson-Robinson",PHI,"21.8","440","0","0","0","0","21","122","0"
"390","Desmond Ridder",CIN,"23.9","458","2","0","0","0","9","36","0"
"391","Payne Durham",TB,"29","0","0","11","115","2","0","0","0"
"392","Kendall Milton",CIN,"0","0","0","0","0","0","0","0","0"
"393","Deneric Prince",NE,"0","0","0","0","0","0","0","0","0"
"394","Raheem Blackshear",CAR,"8","0","0","0","0","0","15","80","0"
"395","AJ Barner",SEA,"63.5","0","0","30","245","4","0","0","0"
"396","Ronnie Rivers",LAR,"15.8","0","0","5","34","0","22","99","0"
"397","Cedrick Wilson Jr.",NO,"39.9","0","0","20","211","1","0","0","0"
"398","Rasheen Ali",BAL,"3.1","0","0","0","0","0","10","31","0"
"399","Jerick McKinnon",FA,"0","0","0","0","0","0","0","0","0"
"400","Jacoby Brissett",ARI,"46.2","826","2","0","0","0","15","62","0"
"401","Malik Heath",GB,"26.7","0","0","10","97","2","0","0","0"
"402","Nelson Agholor",FA,"42.1","0","0","14","231","2","0","0","0"
"403","Brayden Narveson",FA,"59","0","0","0","0","0","0","0","0"
"404","Kenny Pickett",CLE,"26.1","291","2","0","0","0","9","15","1"
"405","Mike Boone",MIA,"5.4","0","0","1","-2","0","13","51","0"
"406","Josh Whyle",TEN,"46.8","0","0","28","248","1","0","0","0"
"407","Jeremy Ruckert",NYJ,"19.5","0","0","18","105","0","0","0","0"
"408","Carson Wentz",FA,"4.7","118","0","0","0","0","3","0","0"
"409","Kylen Granson",PHI,"25.2","0","0","14","182","0","0","0","0"
"410","Lil'Jordan Humphrey",NYG,"48.8","0","0","31","293","1","0","0","0"
"411","Dalvin Cook",FA,"3.5","0","0","1","10","0","8","20","0"
"412","Luke Farrell",SF,"12.7","0","0","12","67","0","0","0","0"
"413","Drew Sample",CIN,"26.5","0","0","20","109","1","1","-4","0"
"414","Sam Howell",MIN,"0.2","24","0","0","0","0","1","2","0"
"415","Blake Watson",DEN,"2.8","0","0","1","13","0","4","10","0"
"416","Cody Schrader",LAR,"1.4","0","0","1","6","0","1","3","0"