"Player","Team","POS","ATT","YDS","TDS","REC","YDS","TDS","FL","FPTS"
" "," ","","",""
"Saquon Barkley","PHI","RB1","327.8","1,661.7","10.8","41.9","318.1","2.2","1.4","273.2"
"Bijan Robinson","ATL","RB2","304.4","1,420.0","11.4","56.9","428.7","2.1","1.4","263.3"
"Jahmyr Gibbs","DET","RB3","239.9","1,239.5","11.7","57.7","508.7","2.8","1.3","258.9"
"Derrick Henry","BAL","RB4","295.2","1,508.3","13.3","16.4","153.1","0.9","1.4","248.4"
"Ja'Marr Chase","CIN","WR1","1.6","12.7","0.0","120.7","1,577.2","12.2","0.6","231.1"
"Christian McCaffrey","SF","RB5","233.2","1,062.6","7.9","65.1","570.0","3.6","1.8","228.4"
"Josh Jacobs","GB","RB6","284.2","1,211.8","11.3","38.1","316.0","1.5","1.5","226.1"
"De'Von Achane","MIA","RB7","223.3","1,032.9","7.8","69.5","513.6","4.1","1.3","223.1"
"Jonathan Taylor","IND","RB8","297.7","1,367.0","9.9","25.0","189.0","1.1","1.6","218.1"
"Ashton Jeanty","LV","RB9","273.0","1,203.8","9.0","46.3","366.3","1.9","2.4","217.4"
"Kyren Williams","LAR","RB10","275.7","1,192.4","11.2","33.7","213.7","1.7","2.3","213.1"
"Justin Jefferson","MIN","WR2","0.5","2.2","0.0","106.4","1,480.9","9.8","0.6","205.7"
"Bucky Irving","TB","RB11","234.5","1,110.7","8.3","44.4","343.2","1.7","1.4","202.5"
"Chase Brown","CIN","RB12","234.6","984.0","7.8","54.0","377.4","2.7","1.4","196.2"
"James Cook","BUF","RB13","222.0","1,049.7","9.5","31.4","258.4","1.9","1.4","196.1"
"CeeDee Lamb","DAL","WR3","9.2","59.4","0.3","111.5","1,393.6","8.0","1.0","193.2"
"Puka Nacua","LAR","WR4","10.7","61.4","0.6","104.9","1,364.0","6.9","0.6","186.4"
"Nico Collins","HOU","WR5","0.0","1.6","0.0","91.9","1,313.0","8.9","0.5","183.6"
"Malik Nabers","NYG","WR6","2.6","12.2","0.0","106.8","1,339.9","8.2","0.6","183.5"
"James Conner","ARI","RB14","213.9","971.3","7.8","41.2","314.9","1.7","1.4","182.7"
"Kenneth Walker III","SEA","RB15","236.5","974.0","8.2","43.1","307.9","1.3","1.3","182.4"
"Brian Thomas Jr.","JAC","WR7","3.8","25.1","0.0","91.8","1,292.9","8.6","0.6","182.1"
"Breece Hall","NYJ","RB16","223.1","995.9","5.9","46.2","379.1","2.1","1.9","181.6"
"Omarion Hampton","LAC","RB17","222.7","970.8","8.5","35.7","276.4","1.5","2.1","180.5"
"Amon-Ra St. Brown","DET","WR8","1.9","12.6","0.1","110.4","1,267.4","8.8","0.9","179.3"
"Alvin Kamara","NO","RB18","215.5","903.5","5.1","63.0","475.6","2.0","1.3","178.0"
"Chuba Hubbard","CAR","RB19","229.8","1,031.7","7.6","37.8","229.6","1.0","1.8","174.3"
"A.J. Brown","PHI","WR9","0.0","0.0","0.0","84.7","1,244.2","8.4","0.9","172.8"
"Drake London","ATL","WR10","0.3","2.0","0.0","95.6","1,219.0","8.1","0.6","169.8"
"Tyreek Hill","MIA","WR11","7.2","40.3","0.1","94.0","1,181.8","7.7","0.6","168.2"
"D'Andre Swift","CHI","RB20","238.7","967.1","6.2","36.4","283.0","1.2","1.1","167.2"
"David Montgomery","DET","RB21","196.6","819.0","8.9","31.4","258.4","0.9","1.0","164.5"
"Mike Evans","TB","WR12","0.0","0.0","0.0","78.8","1,059.5","9.9","0.5","164.1"
"Ladd McConkey","LAC","WR13","0.0","1.4","0.0","90.5","1,210.9","7.4","0.7","164.0"
"Tee Higgins","CIN","WR14","0.0","0.0","0.0","86.6","1,093.7","8.9","0.9","161.0"
"Terry McLaurin","WAS","WR15","1.1","4.8","0.0","83.6","1,115.1","8.2","0.9","159.6"
"Aaron Jones Sr.","MIN","RB22","198.9","890.9","4.5","45.0","331.4","2.3","1.8","159.5"
"Davante Adams","LAR","WR16","0.3","0.0","0.0","85.4","1,101.5","8.4","0.5","159.3"
"Tony Pollard","TEN","RB23","227.5","958.5","5.4","40.2","257.9","0.9","1.0","157.2"
"TreVeyon Henderson","NE","RB24","204.9","899.9","5.7","33.3","258.6","1.5","1.7","155.9"
"DK Metcalf","PIT","WR17","0.0","1.2","0.0","77.8","1,137.5","7.3","1.3","154.9"
"Marvin Harrison Jr.","ARI","WR18","0.0","3.2","0.0","79.6","1,098.8","7.7","1.0","154.5"
"Joe Mixon","HOU","RB25","200.9","801.8","7.2","32.3","249.3","1.2","0.9","154.3"
"Jaxon Smith-Njigba","SEA","WR19","2.7","20.7","0.0","94.4","1,116.5","6.6","0.6","152.4"
"Brock Bowers","LV","TE1","0.0","8.0","0.0","106.0","1,131.5","6.1","0.5","149.7"
"George Kittle","SF","TE2","0.0","0.0","0.0","76.0","1,036.9","7.5","0.5","147.6"
"Xavier Worthy","KC","WR20","15.7","84.6","1.5","70.6","872.4","7.1","0.5","146.4"
"Brian Robinson Jr.","WAS","RB26","196.7","809.4","7.3","23.4","175.7","1.0","1.4","145.6"
"Isiah Pacheco","KC","RB27","203.5","838.2","5.7","32.9","224.8","1.0","1.0","144.8"
"Zay Flowers","BAL","WR21","8.2","48.4","0.1","74.9","1,028.7","6.2","0.5","144.6"
"Garrett Wilson","NYJ","WR22","1.9","13.5","0.0","91.6","1,095.8","6.0","1.3","144.6"
"Courtland Sutton","DEN","WR23","0.0","0.2","0.0","76.7","1,016.4","7.4","0.9","144.3"
"DJ Moore","CHI","WR24","9.5","54.0","0.1","86.7","1,007.5","6.3","0.9","143.0"
"Calvin Ridley","TEN","WR25","5.6","33.4","0.3","70.1","1,027.0","6.0","0.9","141.9"
"Kaleb Johnson","PIT","RB28","197.0","829.6","6.4","23.2","178.0","1.0","1.7","141.9"
"Jameson Williams","DET","WR26","7.4","63.4","0.8","60.4","958.3","5.9","0.5","141.5"
"RJ Harvey","DEN","RB29","174.0","761.8","5.2","33.6","257.4","1.6","1.0","141.0"
"Trey McBride","ARI","TE3","0.0","1.5","0.0","104.4","1,053.1","5.8","0.5","139.4"
"Tyrone Tracy Jr.","NYG","RB30","188.6","802.0","5.0","35.2","259.8","1.1","1.6","139.2"
"DeVonta Smith","PHI","WR27","0.3","1.2","0.0","81.2","977.3","6.8","0.5","137.7"
"George Pickens","DAL","WR28","1.0","6.2","0.0","68.4","1,001.3","6.4","0.9","137.3"
"Jerry Jeudy","CLE","WR29","0.3","4.8","0.0","81.0","1,089.0","4.1","0.6","132.6"
"Deebo Samuel Sr.","WAS","WR30","30.1","127.9","1.2","65.1","834.3","5.1","1.0","132.2"
"Jaylen Warren","PIT","RB31","151.1","687.8","3.8","47.7","348.8","1.1","1.1","130.9"
"Jakobi Meyers","LV","WR31","1.2","8.9","0.0","82.4","966.4","5.3","0.5","128.5"
"Jauan Jennings","SF","WR32","3.6","15.7","0.1","70.9","936.4","5.5","0.6","127.5"
"Jaylen Waddle","MIA","WR33","2.5","15.9","0.1","75.5","964.6","4.9","0.5","126.5"
"Tetairoa McMillan","CAR","WR34","0.5","7.4","0.0","71.8","930.5","5.7","1.2","125.5"
"Jayden Reed","GB","WR35","11.8","93.7","0.7","58.2","779.7","5.5","0.9","123.1"
"Travis Hunter","JAC","WR36","3.8","21.8","0.1","68.4","887.3","5.2","0.8","121.2"
"Rashee Rice","KC","WR37","1.1","4.5","0.0","72.9","854.0","6.1","0.6","121.1"
"Ricky Pearsall","SF","WR38","7.0","50.0","0.3","61.4","833.1","5.2","0.6","120.1"
"Matthew Golden","GB","WR39","0.5","9.4","0.0","60.9","847.1","6.0","0.8","120.0"
"Chris Godwin","TB","WR40","1.2","6.9","0.0","75.0","862.4","5.6","0.6","119.7"
"Rome Odunze","CHI","WR41","1.3","8.0","0.0","65.6","880.2","5.3","0.9","119.1"
"J.K. Dobbins","DEN","RB32","148.4","658.0","4.9","29.2","187.9","1.2","1.2","118.9"
"Chris Olave","NO","WR42","0.3","2.8","0.0","76.4","946.4","4.4","1.3","118.6"
"Keon Coleman","BUF","WR43","0.3","3.8","0.0","52.4","822.4","6.1","0.5","118.3"
"Jordan Mason","MIN","RB33","163.9","754.4","4.5","17.6","128.4","0.7","0.7","117.9"
"Jordan Addison","MIN","WR44","1.2","11.2","0.3","60.9","800.0","6.0","0.4","117.7"
"Mark Andrews","BAL","TE4","0.0","2.0","0.0","59.9","721.0","7.8","0.8","117.5"
"Javonte Williams","DAL","RB34","174.9","645.7","4.2","35.9","229.2","1.1","0.9","117.4"
"Stefon Diggs","NE","WR45","1.3","6.9","0.2","77.4","850.0","5.1","0.5","116.8"
"Sam LaPorta","DET","TE5","0.0","0.0","0.0","67.9","763.7","6.8","0.4","116.3"
"Quinshon Judkins","CLE","RB35","159.5","677.1","4.4","23.2","175.5","0.9","1.3","114.8"
"Rashid Shaheed","NO","WR46","7.3","44.5","0.1","56.4","846.3","4.4","1.3","113.8"
"Cooper Kupp","SEA","WR47","1.3","9.0","0.0","73.0","814.9","5.4","0.6","113.6"
"Travis Etienne Jr.","JAC","RB36","141.1","577.1","3.7","37.7","279.0","1.2","0.9","112.7"
"Rhamondre Stevenson","NE","RB37","154.5","629.2","4.7","28.0","177.1","1.1","1.5","112.4"
"Austin Ekeler","WAS","RB38","95.3","414.8","4.1","44.7","367.1","1.8","1.0","111.2"
"Khalil Shakir","BUF","WR48","0.3","3.0","0.0","71.6","812.4","4.9","0.6","109.9"
"Zach Charbonnet","SEA","RB39","127.3","538.3","4.5","33.1","244.1","0.9","0.8","108.9"
"Darnell Mooney","ATL","WR49","0.0","1.2","0.0","58.5","818.4","4.5","0.4","108.1"
"Michael Pittman Jr.","IND","WR50","0.0","1.8","0.0","71.9","852.4","3.9","0.9","107.1"
"T.J. Hockenson","MIN","TE6","0.0","0.0","0.0","76.3","800.3","4.7","0.5","107.0"
"Travis Kelce","KC","TE7","0.0","0.5","0.0","80.8","767.3","5.3","0.9","106.7"
"Marvin Mims Jr.","DEN","WR51","11.9","49.4","0.1","51.1","696.7","5.4","0.6","106.5"
"Najee Harris","LAC","RB40","138.7","558.9","4.8","21.8","158.1","0.8","0.8","103.6"
"Rashod Bateman","BAL","WR52","0.0","0.6","0.0","45.5","691.5","5.6","0.1","102.4"
"Rachaad White","TB","RB41","114.5","462.5","2.8","37.6","282.8","2.1","1.3","101.7"
"Tyjae Spears","TEN","RB42","124.6","498.2","3.7","33.6","251.9","1.0","0.9","101.3"
"David Njoku","CLE","TE8","0.0","0.0","0.0","76.7","735.1","4.8","0.8","100.9"
"Cam Skattebo","NYG","RB43","129.4","556.0","3.6","24.8","190.9","0.9","1.2","99.4"
"Josh Downs","IND","WR53","0.3","7.0","0.0","62.9","737.3","4.3","0.5","99.1"
"Tank Bigsby","JAC","RB44","151.8","612.8","4.8","11.2","81.6","0.2","1.2","97.0"
"Marquise Brown","KC","WR54","0.3","2.0","0.0","54.8","674.4","4.5","0.2","94.0"
"Tucker Kraft","GB","TE9","0.0","0.0","0.0","55.2","652.8","4.8","0.8","92.5"
"Trey Benson","ARI","RB45","130.6","576.0","3.9","13.7","104.6","0.4","0.9","92.5"
"Keenan Allen","LAC","WR55","0.3","2.0","0.0","55.6","641.3","4.8","0.6","91.9"
"Jerome Ford","CLE","RB46","127.0","521.8","2.7","29.4","200.2","0.8","0.8","91.9"
"Cedric Tillman","CLE","WR56","0.7","0.8","0.0","55.7","697.7","3.9","0.9","91.2"
"Adam Thielen","CAR","WR57","0.0","1.8","0.0","61.8","656.9","4.4","0.5","91.2"
"Emeka Egbuka","TB","WR58","2.2","11.1","0.0","49.3","638.1","4.5","1.1","89.7"
"Tyler Warren","IND","TE10","0.0","5.5","0.0","58.7","655.3","4.3","1.1","89.4"
"Christian Kirk","HOU","WR59","0.7","4.0","0.0","53.2","685.8","3.7","0.8","89.2"
"Jaylen Wright","MIA","RB47","134.7","565.2","3.7","14.6","100.5","0.6","1.5","88.9"
"Ray Davis","BUF","RB48","118.8","499.5","3.7","12.4","105.5","1.0","0.8","87.1"
"Xavier Legette","CAR","WR60","6.2","29.0","0.1","54.3","612.0","3.8","0.5","86.4"
"Dallas Goedert","PHI","TE11","0.0","0.0","0.0","57.1","633.2","3.9","0.5","85.8"
"Tyler Allgeier","ATL","RB49","119.8","549.7","3.3","12.7","92.2","0.3","0.8","84.3"
"Brandon Aiyuk","SF","WR61","0.0","1.0","0.0","43.0","650.6","3.3","0.5","84.2"
"Zach Ertz","WAS","TE12","0.0","0.0","0.0","58.1","539.3","5.1","0.1","84.2"
"Nick Chubb","HOU","RB50","124.5","502.6","4.1","10.4","79.5","0.4","0.5","84.2"
"Dalton Kincaid","BUF","TE13","0.0","0.0","0.0","57.1","602.9","4.0","0.5","83.6"
"Jayden Higgins","HOU","WR62","0.7","4.0","0.0","46.3","618.6","3.7","0.4","83.4"
"Evan Engram","DEN","TE14","0.0","0.0","0.0","69.1","614.3","4.0","0.9","83.4"
"Kyle Pitts Sr.","ATL","TE15","0.0","0.0","0.0","47.5","599.5","3.9","0.1","83.3"
"Jaydon Blue","DAL","RB51","109.2","476.9","2.9","19.3","150.7","0.8","0.8","83.2"
"Jake Ferguson","DAL","TE16","0.0","0.0","0.0","67.8","621.9","3.8","1.2","82.6"
"Romeo Doubs","GB","WR63","0.0","0.5","0.0","45.2","575.1","4.3","0.5","82.3"
"Isaac Guerendo","SF","RB52","113.1","488.7","3.9","10.6","93.2","0.4","0.9","81.9"
"Wan'Dale Robinson","NYG","WR64","2.0","15.6","0.0","69.1","622.9","3.1","0.5","81.7"
"Rico Dowdle","CAR","RB53","107.3","459.1","2.6","20.9","142.9","1.1","0.8","80.9"
"Joshua Palmer","BUF","WR65","0.0","0.5","0.0","42.0","587.7","3.5","0.1","79.8"
"Tyler Lockett","TEN","WR66","0.0","0.0","0.0","49.6","578.8","3.5","0.1","78.5"
"Hunter Henry","NE","TE17","0.0","0.0","0.0","54.9","572.4","3.6","0.4","78.3"
"Darren Waller","MIA","TE18","0.0","0.0","0.0","52.5","579.2","3.4","0.1","77.9"
"Luther Burden III","CHI","WR67","3.7","27.4","0.4","45.7","553.7","3.3","1.1","77.6"
"Isaiah Likely","BAL","TE19","0.0","0.0","0.0","41.4","495.5","4.8","0.7","77.1"
"Dylan Sampson","CLE","RB54","106.3","435.8","2.3","20.9","162.0","0.9","0.8","77.0"
"Jonnu Smith","PIT","TE20","0.0","1.5","0.0","52.2","544.4","4.0","0.9","76.7"
"Colston Loveland","CHI","TE21","0.0","0.0","0.0","52.8","554.1","3.8","0.8","76.5"
"Michael Wilson","ARI","WR68","1.9","8.9","0.1","43.8","525.0","3.9","0.5","76.4"
"DeMario Douglas","NE","WR69","2.1","15.7","0.0","54.6","575.2","2.8","0.2","75.7"
"Cade Otton","TB","TE22","0.0","0.0","0.0","52.0","529.1","3.9","0.5","75.5"
"Roschon Johnson","CHI","RB55","90.8","328.8","4.7","18.5","120.5","0.5","0.4","75.2"
"Jack Bech","LV","WR70","1.0","4.3","0.0","45.9","574.4","2.9","0.8","74.0"
"Tre' Harris","LAC","WR71","0.7","3.8","0.0","40.8","544.9","3.4","0.7","74.0"
"Calvin Austin III","PIT","WR72","2.3","11.8","0.1","39.6","528.7","3.4","0.5","73.6"
"Brenton Strange","JAC","TE23","0.0","0.0","0.0","55.3","548.8","3.3","0.5","73.6"
"Braelon Allen","NYJ","RB56","105.0","404.9","2.7","16.5","123.1","0.8","0.4","73.3"
"Bhayshul Tuten","JAC","RB57","91.9","398.0","2.7","17.5","138.0","0.8","0.8","73.2"
"Mike Gesicki","CIN","TE24","0.0","0.0","0.0","52.8","518.2","3.6","0.4","72.6"
"Alec Pierce","IND","WR73","0.0","0.0","0.0","29.3","528.9","3.3","0.1","72.4"
"Jalen McMillan","TB","WR74","2.3","18.7","0.0","35.5","445.8","4.3","0.5","71.4"
"Quentin Johnston","LAC","WR75","1.7","7.2","0.0","34.9","458.8","4.1","0.4","70.8"
"Chig Okonkwo","TEN","TE25","0.0","3.0","0.0","53.8","537.2","2.9","0.8","69.9"
"Juwan Johnson","NO","TE26","0.0","0.0","0.0","48.8","501.1","3.3","0.2","69.5"
"MarShawn Lloyd","GB","RB58","105.6","381.6","2.9","13.5","108.4","0.7","0.8","69.2"
"Dalton Schultz","HOU","TE27","0.0","0.0","0.0","49.9","509.9","3.1","0.4","68.9"
"Brandin Cooks","NO","WR76","1.7","3.8","0.0","42.5","485.6","3.3","0.1","68.8"
"Pat Freiermuth","PIT","TE28","0.0","0.0","0.0","51.1","493.4","3.5","0.9","68.7"
"Kareem Hunt","KC","RB59","82.4","314.4","3.4","18.3","125.9","0.7","0.1","68.1"
"Kyle Williams","NE","WR77","2.1","13.3","0.0","38.8","492.5","2.9","0.4","67.3"
"Dyami Brown","JAC","WR78","0.7","6.8","0.0","39.4","502.4","2.8","0.5","66.8"
"Jalen Nailor","MIN","WR79","1.8","4.1","0.0","32.9","430.4","3.9","0.4","66.2"
"Darius Slayton","NYG","WR80","1.4","6.1","0.0","34.1","511.3","2.4","0.2","66.1"
"Tutu Atwell","LAR","WR81","4.3","20.2","0.1","39.1","497.9","2.2","0.1","65.3"
"DeAndre Hopkins","BAL","WR82","0.0","0.5","0.0","32.0","416.4","3.9","0.1","65.0"
"Nick Westbrook-Ikhine","MIA","WR83","0.0","1.3","0.0","31.4","426.9","3.7","0.1","64.6"
"Miles Sanders","DAL","RB60","93.9","404.7","2.3","12.0","77.2","0.6","0.5","64.5"
"Kendre Miller","NO","RB61","95.0","365.9","3.4","9.7","72.6","0.2","0.4","64.5"
"Tyler Higbee","LAR","TE29","0.0","0.0","0.0","45.3","425.2","3.7","0.1","64.4"
"Diontae Johnson","CLE","WR84","0.0","2.3","0.0","40.0","489.6","2.5","0.6","63.1"
"Theo Johnson","NYG","TE30","0.0","0.0","0.0","43.1","470.5","2.7","0.1","63.0"
"Josh Reynolds","NYJ","WR85","0.0","0.0","0.0","35.0","460.6","2.8","0.1","62.9"
"Ray-Ray McCloud III","ATL","WR86","7.8","53.1","0.2","40.5","437.3","2.3","1.2","61.3"
"Jalen Tolbert","DAL","WR87","0.0","0.0","0.0","34.3","400.6","3.5","0.1","60.9"
"Raheem Mostert","LV","RB62","77.5","289.9","2.6","18.1","133.8","0.6","0.8","60.0"
"Mason Taylor","NYJ","TE31","0.0","0.0","0.0","44.9","452.7","2.6","0.5","59.9"
"Blake Corum","LAR","RB63","96.3","350.7","2.4","12.0","87.4","0.4","0.4","59.6"
"Woody Marks","HOU","RB64","74.3","265.3","1.8","21.7","159.2","1.0","0.1","59.3"
"Elijah Arroyo","SEA","TE32","0.0","0.0","0.0","40.0","423.5","2.8","0.4","58.4"
"Tre Tucker","LV","WR88","5.6","31.5","0.3","30.3","388.6","2.3","0.1","57.6"
"Justice Hill","BAL","RB65","41.8","185.1","1.1","27.3","222.6","1.7","0.4","56.7"
"Andrei Iosivas","CIN","WR89","0.0","0.0","0.0","30.4","363.3","3.4","0.1","56.6"
"Jordan Whittington","LAR","WR90","1.1","13.9","0.0","34.1","397.7","2.4","0.1","55.6"
"Marquez Valdes-Scantling","SEA","WR91","2.6","10.0","0.1","24.2","402.1","2.4","0.0","55.6"
"Jalen Coker","CAR","WR92","0.0","2.3","0.0","32.9","428.0","2.1","0.1","55.3"
"Tory Horton","SEA","WR93","1.0","8.7","0.0","33.4","425.5","2.1","0.7","54.3"
"Keaton Mitchell","BAL","RB66","75.2","330.0","1.7","8.6","83.4","0.5","0.0","54.2"
"Samaje Perine","CIN","RB67","51.2","200.4","1.5","21.2","195.6","1.1","0.7","53.5"
"Troy Franklin","DEN","WR94","1.1","5.8","0.0","28.2","358.0","2.8","0.1","53.1"
"Will Dissly","LAC","TE33","0.0","0.0","0.0","38.6","378.5","2.5","0.1","53.0"
"Dont'e Thornton Jr.","LV","WR95","0.0","3.0","0.0","29.1","393.3","2.3","0.1","53.0"
"Dontayvion Wicks","GB","WR96","0.0","1.3","0.0","27.5","346.3","3.0","0.0","52.8"
"Noah Brown","WAS","WR97","0.0","0.0","0.0","31.8","406.4","1.9","0.1","51.8"
"Christian Watson","GB","WR98","4.3","17.0","0.0","19.9","366.6","2.3","0.4","51.6"
"Adonai Mitchell","IND","WR99","2.5","11.5","0.1","26.6","368.5","2.2","0.2","51.6"
"Ty Johnson","BUF","RB68","45.7","208.1","1.0","15.2","164.8","1.5","0.1","51.6"
"Noah Fant","CIN","TE34","0.0","0.0","0.0","36.2","370.6","2.4","0.1","51.6"
"Khalil Herbert","IND","RB69","84.6","325.0","2.1","8.3","54.0","0.2","0.0","51.4"
"Ja'Tavion Sanders","CAR","TE35","0.0","0.0","0.0","38.5","388.3","2.1","0.1","51.0"
"Russell Gage Jr.","SF","WR100","0.0","0.0","0.0","31.4","360.7","2.5","0.0","51.0"
"Allen Lazard","NYJ","WR101","0.0","0.0","0.0","27.5","353.8","2.5","0.1","50.1"
"Elic Ayomanor","TEN","WR102","0.0","7.5","0.0","28.6","336.3","2.2","0.1","47.4"
"K.J. Osborn","WAS","WR103","0.0","0.0","0.0","28.7","318.7","2.5","0.0","46.8"
"Tyler Conklin","LAC","TE36","0.0","0.0","0.0","33.7","326.2","2.3","0.0","46.2"
"Curtis Samuel","BUF","WR104","6.6","29.3","0.1","27.0","271.5","2.5","0.1","45.4"
"AJ Barner","SEA","TE37","0.0","0.0","0.0","33.0","309.1","2.4","0.1","45.2"
"Jaylin Noel","HOU","WR105","0.0","13.0","0.0","25.5","304.3","2.2","0.1","44.7"
"Anthony Miller","BAL","WR106","0.0","0.0","0.0","25.3","289.4","2.6","0.0","44.4"
"Tai Felton","MIN","WR107","0.0","3.7","0.0","24.8","299.0","2.3","0.0","44.3"
"Devaughn Vele","DEN","WR108","0.0","1.7","0.0","27.4","302.3","2.3","0.1","44.0"
"Noah Gray","KC","TE38","0.0","0.0","0.0","28.2","285.4","2.6","0.0","43.9"
"Jarquez Hunter","LAR","RB70","57.1","245.0","1.9","8.5","68.7","0.4","0.7","43.8"
"Pat Bryant","DEN","WR109","0.0","0.0","0.0","25.6","308.9","2.1","0.1","43.3"
"Antonio Gibson","NE","RB71","51.5","209.5","1.0","15.7","126.9","0.5","0.0","42.4"
"Elijah Mitchell","KC","RB72","62.5","235.9","1.9","8.5","49.6","0.4","0.1","42.2"
"Kayshon Boutte","NE","WR110","0.0","0.0","0.0","22.5","301.5","2.0","0.0","41.9"
"Greg Dortch","ARI","WR111","4.8","30.6","0.1","27.1","269.3","2.0","0.4","41.8"
"Cole Kmet","CHI","TE39","0.0","0.0","0.0","30.0","288.6","2.3","0.4","41.7"
"Van Jefferson","TEN","WR112","0.0","0.0","0.0","23.5","300.5","1.9","0.1","41.0"
"Ja'Lynn Polk","NE","WR113","0.0","0.0","0.0","24.6","298.2","1.8","0.0","40.7"
"Roman Wilson","PIT","WR114","0.0","0.0","0.0","22.9","290.2","2.0","0.1","40.7"
"Malik Washington","MIA","WR115","2.0","13.8","0.1","27.5","288.8","1.8","0.6","40.4"
"Kenneth Gainwell","PIT","RB73","58.5","210.9","1.4","12.5","88.5","0.4","0.4","39.8"
"Kyle Monangai","CHI","RB74","42.0","236.8","2.0","5.0","36.2","0.1","0.1","39.3"
"Devin Singletary","NYG","RB75","51.8","235.2","1.5","9.4","63.3","0.1","0.4","39.1"
"Trevor Etienne","CAR","RB76","47.8","191.3","1.5","10.7","86.8","0.4","0.4","38.3"
"Tahj Brooks","CIN","RB77","24.9","225.4","1.9","6.7","48.2","0.1","0.6","38.0"
"Tim Patrick","DET","WR116","0.0","0.0","0.0","20.5","258.1","2.0","0.1","37.5"
"Foster Moreau","NO","TE40","0.0","0.0","0.0","23.0","259.9","1.9","0.1","37.2"
"Skyy Moore","KC","WR117","0.0","0.0","0.0","22.3","267.2","1.6","0.0","36.6"
"KaVontae Turpin","DAL","WR118","8.5","58.6","0.5","16.8","204.0","1.4","0.7","36.3"
"Parker Washington","JAC","WR119","0.0","8.5","0.0","24.7","261.7","1.6","0.1","36.3"
"Will Shipley","PHI","RB78","37.4","199.7","1.3","8.3","61.8","0.4","0.1","36.3"
"Demarcus Robinson","SF","WR120","0.0","1.0","0.0","15.5","245.1","2.0","0.0","36.3"
"Sean Tucker","TB","RB79","44.8","231.4","1.4","5.1","40.1","0.3","0.7","36.1"
"Devin Neal","NO","RB80","39.1","204.6","1.3","7.3","54.5","0.4","0.1","35.9"
"Jermaine Burton","CIN","WR121","0.0","2.0","0.0","18.1","239.7","2.0","0.1","35.7"
"Emanuel Wilson","GB","RB81","41.9","202.7","1.4","7.4","53.9","0.4","0.3","35.6"
"Austin Hooper","NE","TE41","0.0","0.0","0.0","26.5","263.1","1.7","0.4","35.6"
"Michael Mayer","LV","TE42","0.0","0.0","0.0","27.7","257.4","1.6","0.1","35.2"
"Dawson Knox","BUF","TE43","0.0","0.0","0.0","21.9","238.0","1.9","0.0","35.2"
"Chimere Dike","TEN","WR122","2.1","8.9","0.0","18.9","245.9","1.6","0.1","35.1"
"Oronde Gadsden II","LAC","TE44","0.0","0.0","0.0","23.6","239.3","1.8","0.1","34.8"
"Jaleel McLaughlin","DEN","RB82","30.5","142.6","0.8","18.2","110.3","0.9","0.5","34.3"
"Terrance Ferguson","LAR","TE45","0.0","0.0","0.0","23.0","235.5","1.9","0.4","34.1"
"Zamir White","LV","RB83","56.1","190.2","1.1","8.6","61.7","0.3","0.0","33.6"
"Robbie Ouzts","SEA","TE46","0.0","0.0","0.0","25.0","246.9","1.5","0.5","32.9"
"A.J. Dillon","PHI","RB84","50.1","199.1","1.6","3.6","28.6","0.1","0.0","32.7"
"Tyler Johnson","NYJ","WR123","0.0","0.0","0.0","20.6","217.5","1.6","0.0","31.3"
"Josh Oliver","MIN","TE47","0.0","0.0","0.0","20.2","211.1","1.7","0.1","31.2"
"Harold Fannin Jr.","CLE","TE48","0.0","0.0","0.0","23.7","235.6","1.2","0.4","30.1"
"JuJu Smith-Schuster","KC","WR124","0.0","0.0","0.0","19.4","211.2","1.5","0.1","29.9"
"Ben Sinnott","WAS","TE49","0.0","0.0","0.0","20.3","199.3","1.6","0.1","29.5"
"Luke McCaffrey","WAS","WR125","0.0","1.0","0.0","19.4","203.2","1.5","0.1","29.0"
"Jacory Croskey-Merritt","WAS","RB85","33.0","169.4","1.4","3.7","27.3","0.1","0.0","28.2"
"Tommy Tremble","CAR","TE50","0.0","0.0","0.0","19.2","183.4","1.7","0.4","27.7"
"DJ Giddens","IND","RB86","24.1","154.3","1.2","5.8","43.6","0.1","0.0","27.1"
"Luke Musgrave","GB","TE51","0.0","0.0","0.0","19.1","186.4","1.4","0.0","27.1"
"Kendrick Bourne","NE","WR126","1.1","6.8","0.0","17.6","199.4","1.1","0.1","26.9"
"A.T. Perry","DEN","WR127","0.0","0.0","0.0","13.7","180.5","1.5","0.0","26.9"
"Brock Wright","DET","TE52","0.0","0.0","0.0","15.0","134.8","2.2","0.0","26.4"
"Jordan James","SF","RB87","26.9","154.8","1.3","3.3","29.5","0.0","0.0","26.1"
"Ollie Gordon II","MIA","RB88","31.9","151.3","1.2","5.1","36.3","0.1","0.4","26.1"
"Zay Jones","ARI","WR128","0.0","2.0","0.0","16.8","179.8","1.3","0.1","25.6"
"Isaiah Davis","NYJ","RB89","29.9","149.6","0.8","6.0","42.8","0.2","0.0","25.2"
"Audric Estime","DEN","RB90","45.5","148.6","0.9","5.8","40.1","0.2","0.4","25.1"
"Amar Johnson","GB","RB91","35.0","164.0","1.0","2.0","26.0","0.0","0.0","25.0"
"Robert Woods","PIT","WR129","0.0","0.0","0.0","17.4","180.7","1.2","0.1","25.0"
"Kalif Raymond","DET","WR130","0.0","4.0","0.0","14.7","185.7","1.2","0.6","24.9"
"Jahan Dotson","PHI","WR131","0.0","1.7","0.0","15.4","178.3","1.1","0.0","24.8"
"Taysom Hill","NO","TE53","0.0","50.0","1.0","12.3","104.7","0.7","0.3","24.8"
"Kyle Juszczyk","SF","RB92","6.7","26.8","0.4","14.1","136.3","1.1","0.4","24.2"
"Brashard Smith","KC","RB93","20.3","104.3","0.8","8.3","62.5","0.4","0.0","23.9"
"Gunnar Helm","TEN","TE54","0.0","0.0","0.0","18.3","182.3","1.0","0.4","23.5"
"Elijah Moore","BUF","WR132","0.0","1.3","0.0","14.5","159.6","1.2","0.0","23.4"
"Jeremy Ruckert","NYJ","TE55","0.0","0.0","0.0","18.7","161.5","1.2","0.0","23.4"
"Cade Stover","HOU","TE56","0.0","0.0","0.0","16.9","160.7","1.2","0.0","23.3"
"Chris Brooks","GB","RB94","30.9","139.4","0.9","5.0","32.1","0.0","0.0","22.9"
"Jalen Royals","KC","WR133","0.0","2.5","0.0","12.9","156.2","1.2","0.0","22.8"
"Jalin Hyatt","NYG","WR134","0.0","0.0","0.0","13.1","174.0","0.9","0.0","22.8"
"Isaac TeSlaa","DET","WR135","0.0","0.0","0.0","10.7","155.2","1.1","0.0","22.3"
"Clyde Edwards-Helaire","NO","RB95","41.5","126.7","0.6","5.6","42.7","0.3","0.1","22.1"
"Malachi Corley","NYJ","WR136","2.3","13.5","0.1","13.8","147.0","0.9","0.1","21.9"
"Adam Trautman","DEN","TE57","0.0","0.0","0.0","12.6","136.8","1.4","0.0","21.8"
"Xavier Hutchinson","HOU","WR137","0.0","0.0","0.0","14.0","151.9","1.0","0.0","21.0"
"Luke Schoonmaker","DAL","TE58","0.0","0.0","0.0","14.9","132.3","1.2","0.0","20.1"
"Kimani Vidal","LAC","RB96","35.4","105.4","0.6","5.4","41.2","0.3","0.0","20.0"
"Chris Rodriguez Jr.","WAS","RB97","33.0","121.8","0.9","1.8","13.4","0.0","0.0","19.3"
"Charlie Woerner","ATL","TE59","0.0","0.0","0.0","14.1","131.6","1.0","0.0","19.2"
"Sincere McCormick","LV","RB98","23.7","112.9","0.8","4.3","29.9","0.1","0.1","19.2"
"Michael Gallup","WAS","WR138","0.0","0.0","0.0","11.6","130.9","1.0","0.0","19.2"
"Emari Demercado","ARI","RB99","18.7","106.3","0.4","8.1","54.1","0.1","0.0","19.1"
"Jake Bobo","SEA","WR139","0.0","0.0","0.0","11.7","137.7","0.9","0.0","18.9"
"Daniel Bellinger","NYG","TE60","0.0","0.0","0.0","14.9","139.8","0.8","0.0","18.9"
"Jaylin Lane","WAS","WR140","2.2","13.5","0.1","10.4","120.0","0.8","0.1","18.7"
"Irvin Charles","NYJ","WR141","0.0","0.0","0.0","12.4","132.5","0.9","0.0","18.6"
"Ty Chandler","MIN","RB100","18.9","96.3","0.7","5.5","38.9","0.1","0.0","18.4"
"DJ Chark Jr.","ATL","WR142","0.0","0.0","0.0","9.4","128.2","0.9","0.0","18.3"
"Julian Hill","MIA","TE61","0.0","0.0","0.0","14.7","133.4","0.9","0.4","18.2"
"Jake Briningstool","KC","TE62","0.0","0.0","0.0","12.0","121.0","1.0","0.0","18.1"
"Cam Akers","NO","RB101","36.1","113.4","0.6","3.0","20.4","0.1","0.0","18.0"
"Arian Smith","NYJ","WR143","0.0","3.5","0.0","11.2","134.3","0.7","0.0","17.9"
"Jha'Quan Jackson","TEN","WR144","0.0","1.7","0.0","11.4","138.3","0.8","0.5","17.7"
"Jelani Woods","IND","TE63","0.0","0.0","0.0","7.0","117.0","1.0","0.0","17.7"
"Payne Durham","TB","TE64","0.0","0.0","0.0","10.8","104.6","1.2","0.0","17.6"
"Josh Whyle","TEN","TE65","0.0","0.0","0.0","15.3","139.2","0.6","0.0","17.6"
"Savion Williams","GB","WR145","4.4","16.4","0.1","9.1","104.8","0.8","0.0","17.5"
"Elijah Higgins","ARI","TE66","0.0","0.0","0.0","11.4","110.3","1.1","0.0","17.4"
"Keleki Latu","BUF","TE67","0.0","0.0","0.0","10.0","111.0","1.0","0.0","17.1"
"Mack Hollins","NE","WR146","0.0","1.7","0.0","9.2","115.4","0.9","0.1","17.1"
"Tim Jones","MIN","WR147","0.0","0.0","0.0","10.3","115.9","0.9","0.1","16.9"
"Erik Ezukanma","MIA","WR148","0.0","0.0","0.0","10.8","120.6","0.8","0.0","16.8"
"Xavier Restrepo","TEN","WR149","0.0","2.0","0.0","10.0","105.0","1.0","0.0","16.7"
"Darnell Washington","PIT","TE68","0.0","0.0","0.0","12.3","123.3","0.7","0.0","16.6"
"Johnny Mundt","JAC","TE69","0.0","0.0","0.0","13.4","115.6","0.8","0.0","16.6"
"Nate Adkins","DEN","TE70","0.0","0.0","0.0","8.5","69.8","1.6","0.0","16.5"
"KhaDarel Hodge","ATL","WR150","0.0","0.0","0.0","9.6","124.1","0.7","0.1","16.4"
"Grant Calcaterra","PHI","TE71","0.0","0.0","0.0","10.4","109.2","0.9","0.0","16.0"
"Kalel Mullings","TEN","RB102","10.4","96.5","0.6","3.0","21.8","0.0","0.0","15.8"
"Colby Parkinson","LAR","TE72","0.0","0.0","0.0","10.6","106.9","0.9","0.0","15.8"
"Damien Martinez","SEA","RB103","8.8","97.5","0.6","3.0","21.9","0.0","0.0","15.8"
"Connor Heyward","PIT","TE73","0.0","0.0","0.0","10.1","87.6","1.2","0.0","15.7"
"Dameon Pierce","HOU","RB104","4.5","81.6","0.7","5.8","40.1","0.1","1.0","15.4"
"Olamide Zaccheaus","CHI","WR151","1.1","6.0","0.0","9.4","99.7","0.7","0.1","14.8"
"Patrick Taylor Jr.","SF","RB105","29.1","89.6","0.4","2.9","21.5","0.2","0.0","14.5"
"DeAndre Carter","CLE","WR152","0.0","2.0","0.0","10.8","125.2","0.5","0.5","14.5"
"Tylan Wallace","BAL","WR153","0.0","1.7","0.0","6.7","90.0","0.9","0.0","14.4"
"Tyler Goodson","IND","RB106","16.5","67.0","0.3","4.3","30.3","0.3","0.0","13.7"
"Drew Ogletree","IND","TE74","0.0","0.0","0.0","6.9","86.9","0.8","0.0","13.6"
"Rasheen Ali","BAL","RB107","5.2","80.8","0.6","2.4","17.7","0.1","0.0","13.6"
"Jeremy McNichols","WAS","RB108","19.7","73.6","0.7","2.7","15.3","0.0","0.0","13.4"
"Jamal Agnew","ATL","WR154","0.0","0.0","0.0","8.9","89.2","0.7","0.1","13.2"
"Raheem Blackshear","CAR","RB109","30.4","86.8","0.5","2.8","20.5","0.1","0.5","13.2"
"Simi Fehoko","ARI","WR155","0.0","0.0","0.0","7.6","91.5","0.7","0.0","13.1"
"Michael Burton","DEN","RB110","6.7","14.6","0.6","7.1","45.6","0.6","0.0","13.0"
"Cedrick Wilson Jr.","NO","WR156","0.0","2.0","0.0","8.2","92.8","0.5","0.0","12.5"
"Craig Reynolds","DET","RB111","8.5","38.0","0.1","6.9","55.9","0.4","0.0","12.3"
"Travis Homer","CHI","RB112","22.2","71.6","0.3","3.3","25.0","0.1","0.0","12.3"
"Ronnie Rivers","LAR","RB113","31.7","90.4","0.5","0.3","2.3","0.0","0.0","12.2"
"Pharaoh Brown","MIA","TE75","0.0","0.0","0.0","10.0","93.3","0.5","0.0","12.1"
"Teagan Quitoriano","ATL","TE76","0.0","0.0","0.0","5.5","89.5","0.5","0.0","12.0"
"Lawrence Cager","WAS","WR157","0.0","0.0","0.0","5.5","57.0","1.0","0.0","11.7"
"Alec Ingold","MIA","RB114","8.9","21.2","0.6","6.1","44.1","0.4","0.4","11.6"
"KeAndre Lambert-Smith","LAC","WR158","0.0","3.0","0.0","5.9","77.7","0.6","0.0","11.4"
"Pierre Strong Jr.","CLE","RB115","15.0","51.3","0.2","5.6","42.4","0.1","0.0","11.4"
"C.J. Ham","MIN","RB116","3.0","13.6","1.0","5.3","34.8","0.1","0.0","11.3"
"Drew Sample","CIN","TE77","0.0","0.0","0.0","9.2","73.0","0.7","0.0","11.3"
"Michael Carter","ARI","RB117","9.6","41.2","0.2","6.6","44.9","0.3","0.0","11.3"
"Hunter Renfrow","CAR","WR159","0.0","0.0","0.0","9.3","89.7","0.4","0.0","11.3"
"Gavin Bartholomew","MIN","TE78","0.0","0.0","0.0","7.0","75.0","0.6","0.0","11.0"
"Devontez Walker","BAL","WR160","0.0","1.7","0.0","4.9","68.5","0.6","0.0","10.8"
"Bo Melton","GB","WR161","0.0","0.0","0.0","6.2","73.9","0.6","0.0","10.7"
"Brevyn Spann-Ford","DAL","TE79","0.0","0.0","0.0","7.3","69.6","0.6","0.0","10.7"
"LeQuint Allen Jr.","JAC","RB118","4.0","50.9","0.6","3.0","22.0","0.0","0.0","10.6"
"Ben Skowronek","PIT","WR162","0.0","0.0","0.0","6.5","72.2","0.5","0.0","10.3"
"Lucas Krull","DEN","TE80","0.0","0.0","0.0","8.3","79.8","0.4","0.0","10.3"
"Carson Steele","KC","RB119","27.3","70.3","0.3","4.1","22.0","0.1","0.7","10.2"
"Quintin Morris","JAC","TE81","0.0","0.0","0.0","7.9","70.6","0.5","0.0","10.1"
"Devin Culp","TB","TE82","0.0","0.0","0.0","6.1","65.6","0.6","0.0","10.1"
"Charlie Kolar","BAL","TE83","0.0","1.0","0.0","5.7","71.7","0.4","0.0","9.9"
"Jordan Mims","TEN","RB120","14.8","62.1","0.3","2.0","14.1","0.1","0.0","9.9"
"Tanner McLachlan","CIN","TE84","0.0","0.0","0.0","7.0","68.5","0.5","0.0","9.9"
"Hunter Long","JAC","TE85","0.0","0.0","0.0","8.4","76.2","0.4","0.0","9.8"
"Giovanni Ricci","MIN","TE86","0.0","0.0","0.0","8.0","96.0","0.0","0.0","9.6"
"Luke Farrell","SF","TE87","0.0","0.0","0.0","7.1","68.6","0.4","0.0","9.5"
"Brenden Bates","CLE","TE88","0.0","0.0","0.0","6.5","61.7","0.5","0.0","9.4"
"Jaheim Bell","NE","TE89","0.0","0.0","0.0","6.4","64.1","0.5","0.0","9.4"
"Jamari Thrash","CLE","WR163","0.0","0.0","0.0","7.0","80.6","0.2","0.1","9.4"
"John Bates","WAS","TE90","0.0","0.0","0.0","5.9","54.9","0.6","0.0","9.3"
"Israel Abanikanda","GB","RB121","13.3","54.8","0.4","1.3","10.7","0.1","0.0","9.2"
"Maurice Alexander","CHI","WR164","0.0","0.0","0.0","6.3","68.1","0.4","0.0","9.2"
"Blake Whiteheart","CLE","TE91","0.0","0.0","0.0","6.5","58.8","0.6","0.0","9.2"
"Samori Toure","CHI","WR165","0.0","0.0","0.0","6.1","67.6","0.4","0.0","9.2"
"Kenny Yeboah","DET","TE92","0.0","0.0","0.0","6.0","61.4","0.5","0.0","9.1"
"Dante Pettis","NO","WR166","2.1","9.7","0.0","6.0","69.4","0.2","0.0","9.1"
"Xavier Weaver","ARI","WR167","0.0","0.0","0.0","5.2","61.3","0.5","0.0","9.0"
"Malik Heath","GB","WR168","0.0","0.0","0.0","5.5","62.2","0.5","0.0","8.9"
"David Moore","CAR","WR169","0.0","0.0","0.0","5.8","72.0","0.3","0.0","8.9"
"Tommy Mellott","LV","QB1","4.0","24.1","0.2","3.7","43.6","0.2","0.0","8.8"
"Eric Saubert","SEA","TE93","0.0","0.0","0.0","6.9","60.8","0.5","0.0","8.8"
"Luke Lachey","HOU","TE94","0.0","0.0","0.0","5.5","56.5","0.5","0.0","8.7"
"Travis Vokolek","ARI","TE95","0.0","0.0","0.0","5.5","55.5","0.5","0.0","8.6"
"Brayden Willis","SF","TE96","0.0","0.0","0.0","4.5","54.5","0.5","0.0","8.5"
"Hassan Haskins","LAC","RB122","16.0","36.3","0.3","1.7","14.7","0.3","0.3","8.4"
"Ian Thomas","LV","TE97","0.0","0.0","0.0","6.6","59.0","0.4","0.0","8.3"
"Dare Ogunbowale","HOU","RB123","6.6","28.8","0.1","4.9","37.6","0.2","0.0","8.3"
"Stone Smartt","NYJ","TE98","0.0","0.0","0.0","5.5","66.7","0.4","0.3","8.2"
"Johnny Wilson","PHI","WR170","0.0","0.0","0.0","4.4","55.3","0.4","0.0","8.1"
"Caleb Lohner","DEN","TE99","0.0","0.0","0.0","5.5","51.0","0.5","0.0","8.1"
"Moliki Matavao","NO","TE100","0.0","0.0","0.0","5.0","51.0","0.5","0.0","8.1"
"Cam Grandy","CIN","TE101","0.0","0.0","0.0","6.2","54.0","0.4","0.0","8.1"
"Ben Sims","GB","TE102","0.0","0.0","0.0","5.0","50.5","0.5","0.0","8.1"
"Julius Chestnut","TEN","RB124","9.9","30.3","0.1","4.4","31.6","0.2","0.0","7.9"
"Frank Gore Jr.","BUF","RB125","10.2","42.8","0.2","2.0","14.9","0.1","0.0","7.7"
"Jared Wiley","KC","TE103","0.0","0.0","0.0","5.4","53.4","0.4","0.0","7.7"
"Justin Watson","HOU","WR171","0.0","0.0","0.0","4.4","60.1","0.3","0.0","7.7"
"Derius Davis","LAC","WR172","10.5","35.4","0.2","2.8","31.2","0.1","0.6","7.5"
"Patrick Ricard","BAL","RB126","4.1","11.5","0.1","3.4","28.0","0.5","0.0","7.5"
"Greg Dulcich","NYG","TE104","0.0","0.0","0.0","5.0","52.5","0.3","0.0","7.3"
"Sterling Shepard","TB","WR173","0.0","5.5","0.0","4.9","48.1","0.3","0.0","7.2"
"Deuce Vaughn","DAL","RB127","9.0","35.4","0.1","3.1","21.4","0.1","0.0","7.0"
"Gary Brightwell","CIN","RB128","8.1","33.8","0.2","2.4","16.7","0.1","0.0","6.8"
"Durham Smythe","CHI","TE105","0.0","0.0","0.0","5.4","45.6","0.4","0.0","6.6"
"Chris Manhertz","NYG","TE106","0.0","0.0","0.0","4.9","43.3","0.4","0.0","6.6"
"Tyquan Thornton","KC","WR174","0.0","0.0","0.0","3.4","45.9","0.3","0.0","6.4"
"Charlie Jones","CIN","WR175","0.0","1.7","0.0","4.0","46.4","0.3","0.0","6.4"
"Robert Tonyan","KC","TE107","0.0","0.0","0.0","4.7","43.3","0.3","0.0","6.3"
"Kendric Pryor","CIN","WR176","0.0","0.0","0.0","3.9","41.7","0.3","0.0","6.2"
"Jonathan Mingo","DAL","WR177","0.0","0.0","0.0","4.2","49.8","0.2","0.0","6.2"
"Trishton Jackson","ARI","WR178","0.0","0.0","0.0","3.4","40.6","0.3","0.0","6.1"
"Jordan Watkins","SF","WR179","4.4","15.8","0.1","2.6","32.7","0.1","0.0","6.0"
"Eric Gray","NYG","RB129","11.9","42.7","0.2","1.9","14.4","0.1","0.5","6.0"
"Jashaun Corbin","ATL","RB130","9.3","35.1","0.2","1.5","10.6","0.0","0.0","5.7"
"Chris Blair","ATL","WR180","0.0","0.0","0.0","3.5","38.7","0.3","0.0","5.4"
"Dareke Young","SEA","WR181","0.0","0.0","0.0","3.4","39.8","0.2","0.0","5.4"
"Cody White","SEA","WR182","0.0","0.0","0.0","3.4","39.7","0.2","0.0","5.4"
"Jalen Brooks","DAL","WR183","0.0","0.0","0.0","3.4","39.1","0.2","0.0","5.3"
"John Metchie III","PHI","WR184","0.0","0.0","0.0","3.5","39.4","0.2","0.0","5.2"
"Mo Alie-Cox","IND","TE108","0.0","0.0","0.0","3.1","37.0","0.3","0.0","5.2"
"Tre' McKitty","HOU","TE109","0.0","0.0","0.0","4.1","40.1","0.2","0.0","5.1"
"Bryce Oliver","TEN","WR185","0.0","0.0","0.0","3.4","38.2","0.2","0.0","5.1"
"Davis Allen","LAR","TE110","0.0","0.0","0.0","4.1","38.4","0.2","0.0","5.1"
"Tip Reiman","ARI","TE111","0.0","0.0","0.0","4.4","43.0","0.1","0.0","5.0"
"Irv Smith Jr.","HOU","TE112","0.0","0.0","0.0","4.0","33.7","0.3","0.0","5.0"
"Austin Trammell","JAC","WR186","0.0","0.0","0.0","3.4","40.1","0.2","0.0","5.0"
"Xavier Gipson","NYJ","WR187","0.0","2.5","0.0","4.2","54.3","0.0","0.5","4.9"
"Darrynton Evans","BUF","RB131","5.1","21.3","0.1","1.9","15.3","0.1","0.0","4.9"
"Will Mallory","IND","TE113","0.0","0.0","0.0","2.9","31.3","0.3","0.0","4.9"
"Hunter Luepke","DAL","RB132","4.2","14.6","0.1","3.9","26.6","0.1","0.0","4.8"
"Britain Covey","LAR","WR188","2.2","13.7","0.1","1.8","21.0","0.1","0.0","4.8"
"Dee Eskridge","MIA","WR189","0.0","1.7","0.0","3.0","32.8","0.2","0.0","4.7"
"Miles Boykin","CHI","WR190","0.0","0.0","0.0","3.1","35.8","0.2","0.0","4.6"
"Dominique Dafney","CAR","TE114","0.0","0.0","0.0","3.6","34.4","0.2","0.0","4.5"
"DeeJay Dallas","ARI","RB133","5.8","22.2","0.1","3.2","21.4","0.1","0.5","4.4"
"Lil'Jordan Humphrey","NYG","WR191","0.0","0.0","0.0","4.0","44.0","0.0","0.0","4.4"
"Kylen Granson","PHI","TE115","0.0","0.0","0.0","3.0","33.3","0.2","0.0","4.3"
"Mitchell Evans","CAR","TE116","0.0","0.0","0.0","4.0","39.7","0.1","0.0","4.3"
"Brycen Tremayne","CAR","WR192","0.0","0.0","0.0","3.0","32.8","0.2","0.0","4.3"
"Scotty Miller","PIT","WR193","0.0","0.0","0.0","3.1","37.4","0.1","0.0","4.2"
"Tucker Fisk","LAC","TE117","0.0","0.0","0.0","3.3","31.8","0.2","0.0","4.1"
"J.J. Taylor","HOU","RB134","0.0","0.0","0.0","4.2","28.0","0.2","0.0","4.1"
"David Bell","CLE","WR194","0.0","0.0","0.0","3.9","39.1","0.0","0.0","4.0"
"Trey Sermon","PIT","RB135","5.0","20.8","0.1","1.6","11.5","0.1","0.0","3.9"
"Tyler Scott","CHI","WR195","0.0","1.7","0.0","2.7","29.4","0.1","0.0","3.9"
"Devin Duvernay","CHI","WR196","0.0","2.0","0.0","3.5","34.5","0.2","0.5","3.8"
"Mecole Hardman Jr.","GB","WR197","0.0","2.0","0.0","3.0","33.6","0.2","0.5","3.8"
"Zonovan Knight","ARI","RB136","2.4","10.1","0.1","2.1","15.3","0.1","0.0","3.6"
"Tanner Hudson","CIN","TE118","0.0","0.0","0.0","3.0","26.3","0.2","0.0","3.6"
"Nick Nash","ATL","WR198","0.0","0.0","0.0","3.0","35.0","0.0","0.0","3.5"
"Elijah Dotson","ATL","RB137","2.6","10.9","0.1","2.0","13.8","0.1","0.0","3.5"
"Velus Jones Jr.","NO","WR199","2.4","10.5","0.1","1.9","13.6","0.1","0.0","3.4"
"Jackson Hawes","BUF","TE119","0.0","0.0","0.0","2.9","29.8","0.1","0.0","3.4"
"Terrell Jennings","NE","RB138","2.4","10.1","0.1","1.9","14.6","0.1","0.0","3.3"
"Ainias Smith","PHI","WR200","0.0","0.0","0.0","2.2","24.7","0.1","0.0","3.3"
"Tez Johnson","TB","WR201","0.0","0.0","0.0","2.1","25.1","0.1","0.0","3.1"
"Erick All Jr.","CIN","TE120","0.0","0.0","0.0","2.3","20.3","0.2","0.0","3.1"
"Tanner Conner","MIA","TE121","0.0","0.0","0.0","2.1","20.5","0.2","0.0","2.9"
"Zach Davidson","BUF","TE122","0.0","0.0","0.0","1.9","19.0","0.2","0.0","2.9"
"Ryan Flournoy","DAL","WR202","0.0","0.0","0.0","1.9","20.7","0.1","0.0","2.9"
"Jacob Cowing","SF","WR203","0.0","8.5","0.0","1.1","14.9","0.1","0.0","2.8"
"Anthony Gould","IND","WR204","0.0","2.5","0.0","1.7","22.4","0.0","0.0","2.7"
"Laviska Shenault Jr.","BUF","WR205","0.0","0.0","0.0","1.8","19.5","0.1","0.0","2.7"
"Jack Stoll","NO","TE123","0.0","0.0","0.0","2.5","23.7","0.0","0.0","2.6"
"Ashton Dulin","IND","WR206","0.0","1.7","0.0","1.6","19.6","0.1","0.0","2.6"
"David Martin-Robinson","TEN","TE124","0.0","0.0","0.0","1.9","18.6","0.1","0.0","2.6"
"Trent Sherfield Sr.","DEN","WR207","0.0","0.0","0.0","1.8","20.9","0.1","0.0","2.6"
"Feleipe Franks","ATL","QB2","0.0","0.0","0.0","1.8","17.7","0.1","0.0","2.5"
"Isaiah Williams","CIN","WR208","0.0","0.0","0.0","1.6","18.4","0.1","0.0","2.5"
"Steven Sims Jr.","SEA","WR209","0.0","0.0","0.0","1.7","17.9","0.1","0.0","2.5"
"Tank Dell","HOU","WR210","0.0","0.0","0.0","2.0","24.0","0.0","0.0","2.4"
"Isaiah Neyor","GB","WR211","0.0","0.0","0.0","2.0","24.0","0.0","0.0","2.4"
"Jase McClellan","TB","RB139","0.0","17.0","0.0","1.0","7.0","0.0","0.0","2.4"
"Kevin Austin Jr.","NO","WR212","0.0","0.0","0.0","1.8","18.9","0.1","0.0","2.4"
"Zach Pascal","NYG","WR213","0.0","0.0","0.0","1.5","17.8","0.1","0.0","2.3"
"James Mitchell","CAR","TE125","0.0","0.0","0.0","1.8","17.3","0.1","0.0","2.2"
"Dylan Laube","LV","RB140","0.0","10.0","0.0","1.5","11.0","0.0","0.0","2.1"
"Carlos Washington Jr.","ATL","RB141","0.0","15.0","0.0","0.5","3.5","0.0","0.0","1.9"
"Scott Matlock","LAC","DT1","0.0","0.0","0.0","2.2","14.7","0.1","0.0","1.8"
"Raheim Sanders","LAC","RB142","0.0","10.5","0.0","1.0","7.5","0.0","0.0","1.8"
"Jimmy Horn Jr.","CAR","WR214","0.0","0.0","0.0","1.5","18.0","0.0","0.0","1.8"
"Trey Palmer","TB","WR215","0.0","0.0","0.0","0.9","9.8","0.1","0.0","1.5"
"Jason Brownlee","KC","WR216","0.0","0.0","0.0","1.0","14.0","0.0","0.0","1.4"
"Tyler Badie","DEN","RB143","0.0","10.5","0.0","0.5","3.5","0.0","0.0","1.4"
"Phil Mafah","DAL","RB144","0.0","10.5","0.0","0.5","3.5","0.0","0.0","1.4"
"Jeff Wilson Jr.","SF","RB145","0.0","10.5","0.0","0.5","3.5","0.0","0.0","1.4"
"Trayveon Williams","CLE","RB146","1.2","5.1","0.0","1.0","7.0","0.0","0.0","1.4"
"Braxton Berrios","HOU","WR217","0.0","2.5","0.0","1.0","10.5","0.0","0.0","1.3"
"Chris Moore","WAS","WR218","0.0","0.0","0.0","1.0","13.0","0.0","0.0","1.3"
"LaJohntay Wester","BAL","WR219","0.0","0.0","0.0","1.0","12.0","0.0","0.0","1.2"
"George Holani","SEA","RB147","0.0","8.5","0.0","0.5","3.5","0.0","0.0","1.2"
"D'Ernest Johnson","BAL","RB148","0.0","8.5","0.0","0.5","3.5","0.0","0.0","1.2"
"Casey Washington","ATL","WR220","0.0","0.0","0.0","0.7","8.1","0.1","0.0","1.2"
"Nick Vannett","MIN","TE126","0.0","0.0","0.0","1.0","10.0","0.0","0.0","1.0"
"Avery Williams","PHI","RB149","1.4","5.7","0.0","1.6","10.9","0.1","0.5","1.0"
"Keilan Robinson","PHI","RB150","0.0","2.0","0.0","1.0","7.0","0.0","0.0","0.9"
"Sione Vaki","DET","RB151","0.0","4.5","0.0","0.5","3.5","0.0","0.0","0.8"
"JaMycal Hasty","NE","RB152","0.0","4.0","0.0","0.5","3.5","0.0","0.0","0.8"
"Nikko Remigio","KC","WR221","0.0","0.0","0.0","0.5","6.5","0.0","0.0","0.7"
"Harrison Bryant","HOU","TE127","0.0","0.0","0.0","0.5","5.5","0.0","0.0","0.6"
"Ihmir Smith-Marsette","NYG","WR222","0.0","2.5","0.0","0.8","9.5","0.1","0.5","0.5"
"Trenton Irwin","JAC","WR223","0.0","5.0","0.0","0.0","0.0","0.0","0.0","0.5"
"Xavier Smith","LAR","WR224","0.0","2.5","0.0","1.0","11.0","0.0","0.5","0.4"
"Tom Kennedy","DET","WR225","0.0","0.0","0.0","0.0","0.0","0.0","0.0","0.0"
"Mason Kinsey","TEN","WR226","0.0","0.0","0.0","0.0","0.0","0.0","0.0","0.0"
"Laquon Treadwell","IND","WR227","0.0","0.0","0.0","0.0","0.0","0.0","0.0","0.0"
"River Cracraft","WAS","WR228","0.0","0.0","0.0","0.0","0.0","0.0","0.0","0.0"
"Trent Taylor","SF","WR229","0.0","0.0","0.0","0.0","0.0","0.0","0.0","0.0"
"Keith Kirkwood","BAL","WR230","0.0","0.0","0.0","0.0","0.0","0.0","0.0","0.0"
"Phillip Dorsett II","LV","WR231","0.0","0.0","0.0","0.0","0.0","0.0","0.0","0.0"
"Equanimeous St. Brown","SF","WR232","0.0","0.0","0.0","0.0","0.0","0.0","0.0","0.0"
"Tyree Jackson","WAS","TE128","0.0","0.0","0.0","0.0","0.0","0.0","0.0","0.0"
"Stephen Carlson","CHI","TE129","0.0","0.0","0.0","0.0","0.0","0.0","0.0","0.0"
"Josiah Deguara","ARI","TE130","0.0","0.0","0.0","0.0","0.0","0.0","0.0","0.0"
"Dalton Keene","HOU","TE131","0.0","0.0","0.0","0.0","0.0","0.0","0.0","0.0"
"Albert Okwuegbunam Jr.","LV","TE132","0.0","0.0","0.0","0.0","0.0","0.0","0.0","0.0"
"Sean McKeon","IND","TE133","0.0","0.0","0.0","0.0","0.0","0.0","0.0","0.0"
"Shane Zylstra","DET","TE134","0.0","0.0","0.0","0.0","0.0","0.0","0.0","0.0"
"Tyler Mabry","CAR","TE135","0.0","0.0","0.0","0.0","0.0","0.0","0.0","0.0"
"Ko Kieft","TB","TE136","0.0","0.0","0.0","0.0","0.0","0.0","0.0","0.0"
"Cole Turner","WAS","TE137","0.0","0.0","0.0","0.0","0.0","0.0","0.0","0.0"
"John FitzPatrick","GB","TE138","0.0","0.0","0.0","0.0","0.0","0.0","0.0","0.0"
"Nick Muse","PHI","TE139","0.0","0.0","0.0","0.0","0.0","0.0","0.0","0.0"
"Jake Tonges","SF","TE140","0.0","0.0","0.0","0.0","0.0","0.0","0.0","0.0"
"Nikola Kalinic","ATL","TE141","0.0","0.0","0.0","0.0","0.0","0.0","0.0","0.0"
"Cameron Latu","PHI","TE142","0.0","0.0","0.0","0.0","0.0","0.0","0.0","0.0"
"Justin Shorter","LV","WR233","0.0","0.0","0.0","0.0","0.0","0.0","0.0","0.0"
"Zack Kuntz","NYJ","TE143","0.0","0.0","0.0","0.0","0.0","0.0","0.0","0.0"
"Princeton Fant","DAL","TE144","0.0","0.0","0.0","0.0","0.0","0.0","0.0","0.0"
"Cole Fotheringham","NE","TE145","0.0","0.0","0.0","0.0","0.0","0.0","0.0","0.0"
"John Stephens Jr.","DAL","WR234","0.0","0.0","0.0","0.0","0.0","0.0","0.0","0.0"
"Colson Yankoff","WAS","TE146","0.0","0.0","0.0","0.0","0.0","0.0","0.0","0.0"
"Thomas Odukoya","TEN","TE147","0.0","0.0","0.0","0.0","0.0","0.0","0.0","0.0"
"E.J. Jenkins","PHI","TE148","0.0","0.0","0.0","0.0","0.0","0.0","0.0","0.0"
"Baylor Cupp","BAL","TE149","0.0","0.0","0.0","0.0","0.0","0.0","0.0","0.0"
"Jack Westover","NE","TE150","0.0","0.0","0.0","0.0","0.0","0.0","0.0","0.0"
"Thomas Fidone II","NYG","TE151","0.0","0.0","0.0","0.0","0.0","0.0","0.0","0.0"
"Matt Sokol","BUF","TE152","0.0","0.0","0.0","0.0","0.0","0.0","0.0","0.0"
"Mitchell Wilcox","MIA","TE153","0.0","0.0","0.0","0.0","0.0","0.0","0.0","0.0"
"Myles Gaskin","BAL","RB153","0.0","0.0","0.0","0.0","0.0","0.0","0.0","0.0"
"Nyheim Miller-Hines","LAC","RB154","0.0","0.0","0.0","0.0","0.0","0.0","0.0","0.0"
"Mike Boone","MIA","RB155","0.0","0.0","0.0","0.0","0.0","0.0","0.0","0.0"
"Andrew Beck","NYJ","TE154","0.0","0.0","0.0","0.0","0.0","0.0","0.0","0.0"
"Jakob Johnson","HOU","RB156","0.0","0.0","0.0","0.0","0.0","0.0","0.0","0.0"
"Ke'Shawn Vaughn","SF","RB157","0.0","0.0","0.0","0.0","0.0","0.0","0.0","0.0"
"Salvon Ahmed","IND","RB158","0.0","0.0","0.0","0.0","0.0","0.0","0.0","0.0"
"Reggie Gilliam","BUF","RB159","0.0","0.0","0.0","0.0","0.0","0.0","0.0","0.0"
"Jonathan Ward","NYG","RB160","0.0","0.0","0.0","0.0","0.0","0.0","0.0","0.0"
"Jermar Jefferson","TEN","RB161","0.0","0.0","0.0","0.0","0.0","0.0","0.0","0.0"
"Demetric Felton Jr.","WAS","RB162","0.0","0.0","0.0","0.0","0.0","0.0","0.0","0.0"
"Kene Nwangwu","NYJ","RB163","0.0","0.0","0.0","0.0","0.0","0.0","0.0","0.0"
"Jaret Patterson","LAC","RB164","0.0","0.0","0.0","0.0","0.0","0.0","0.0","0.0"
"Deon Jackson","DET","RB165","0.0","0.0","0.0","0.0","0.0","0.0","0.0","0.0"
"Tyrion Davis-Price","GB","RB166","0.0","0.0","0.0","0.0","0.0","0.0","0.0","0.0"
"Keaontay Ingram","KC","RB167","0.0","0.0","0.0","0.0","0.0","0.0","0.0","0.0"
"Brittain Brown","CHI","RB168","0.0","0.0","0.0","0.0","0.0","0.0","0.0","0.0"
"Malik Davis","DAL","RB169","0.0","0.0","0.0","0.0","0.0","0.0","0.0","0.0"
"Evan Hull","PIT","RB170","0.0","0.0","0.0","0.0","0.0","0.0","0.0","0.0"
"Lew Nichols III","PIT","RB171","0.0","0.0","0.0","0.0","0.0","0.0","0.0","0.0"
"Deneric Prince","NE","RB172","0.0","0.0","0.0","0.0","0.0","0.0","0.0","0.0"
"Ben VanSumeren","PHI","LB1","0.0","0.0","0.0","0.0","0.0","0.0","0.0","0.0"
"Brady Russell","SEA","TE155","0.0","0.0","0.0","0.0","0.0","0.0","0.0","0.0"
"Owen Wright","TB","RB173","0.0","0.0","0.0","0.0","0.0","0.0","0.0","0.0"
"Jonathon Brooks","CAR","RB174","0.0","0.0","0.0","0.0","0.0","0.0","0.0","0.0"
"Jawhar Jordan","HOU","RB175","0.0","0.0","0.0","0.0","0.0","0.0","0.0","0.0"
"Dante Miller","NYG","RB176","0.0","0.0","0.0","0.0","0.0","0.0","0.0","0.0"
"Blake Watson","DEN","RB177","0.0","0.0","0.0","0.0","0.0","0.0","0.0","0.0"
"Jacob Saylors","DET","RB178","0.0","0.0","0.0","0.0","0.0","0.0","0.0","0.0"
"Michael Wiley","KC","RB179","0.0","0.0","0.0","0.0","0.0","0.0","0.0","0.0"
"British Brooks","HOU","RB180","0.0","0.0","0.0","0.0","0.0","0.0","0.0","0.0"
"Cody Schrader","LAR","RB181","0.0","0.0","0.0","0.0","0.0","0.0","0.0","0.0"
"Aaron Shampklin","MIA","RB182","0.0","0.0","0.0","0.0","0.0","0.0","0.0","0.0"
"Kendall Milton","CIN","RB183","0.0","0.0","0.0","0.0","0.0","0.0","0.0","0.0"
"Chris Collier","LV","RB184","0.0","0.0","0.0","0.0","0.0","0.0","0.0","0.0"
"Donovan Edwards","NYJ","RB185","0.0","0.0","0.0","0.0","0.0","0.0","0.0","0.0"
"Corey Kiner","SF","RB186","0.0","0.0","0.0","0.0","0.0","0.0","0.0","0.0"
""
""